TRUE,2,gnts,2,empty,invack,2,invack,1,TRUE,reqe,s,1,TRUE,2,1,TRUE,empty,2,1,gnts,e,2,TRUE,2,reqs,e,2,1,TRUE,2,gnts,reqe,TRUE,2,0
TRUE,1,gnte,2,gnte,inv,2,empty,2,TRUE,gnte,e,2,TRUE,1,1,TRUE,inv,1,1,inv,i,2,TRUE,2,reqs,e,2,1,TRUE,2,empty,gnts,TRUE,2,0
TRUE,1,reqe,1,gnte,reqe,2,reqe,1,TRUE,invack,e,2,TRUE,1,1,TRUE,empty,2,1,empty,e,1,TRUE,1,gnts,e,2,2,TRUE,2,reqs,inv,TRUE,1,0
TRUE,1,empty,1,gnte,reqe,1,gnte,1,TRUE,reqs,i,2,TRUE,1,1,TRUE,reqe,1,1,empty,i,1,TRUE,2,reqs,i,2,2,FALSE,2,empty,empty,TRUE,1,0
TRUE,2,reqe,1,gnte,empty,2,gnte,2,TRUE,gnte,i,2,TRUE,1,2,TRUE,gnts,2,2,reqs,e,2,TRUE,1,gnts,s,2,1,TRUE,2,gnte,empty,TRUE,2,0
TRUE,1,reqe,1,invack,gnte,1,invack,1,TRUE,invack,i,1,TRUE,1,2,TRUE,reqe,1,1,reqe,e,1,TRUE,3,gnte,e,2,2,TRUE,2,gnte,reqe,TRUE,2,0
TRUE,2,empty,1,empty,empty,2,reqs,2,TRUE,gnte,e,2,TRUE,1,1,TRUE,reqe,1,1,gnte,e,2,TRUE,2,gnts,i,1,1,TRUE,2,empty,reqs,TRUE,2,0
TRUE,1,empty,2,reqs,empty,1,reqe,1,TRUE,gnts,e,1,TRUE,1,2,TRUE,empty,1,1,gnte,i,1,TRUE,1,gnte,e,2,1,TRUE,2,inv,gnte,TRUE,1,0
TRUE,2,reqs,2,invack,reqe,1,gnte,1,TRUE,reqs,e,1,TRUE,1,2,TRUE,gnts,1,1,invack,i,2,TRUE,2,invack,s,1,1,TRUE,1,gnte,reqs,TRUE,2,0
TRUE,1,invack,2,invack,gnts,1,gnte,1,TRUE,gnte,e,1,TRUE,2,1,TRUE,gnte,2,2,gnte,e,1,TRUE,3,gnte,s,1,1,TRUE,2,gnts,reqs,TRUE,1,0
TRUE,2,gnts,2,reqs,invack,1,empty,1,TRUE,inv,i,1,TRUE,1,1,TRUE,invack,2,1,invack,i,1,TRUE,3,invack,i,2,1,TRUE,1,inv,empty,TRUE,1,0
TRUE,2,invack,2,reqs,reqs,1,empty,1,TRUE,invack,i,1,TRUE,1,1,TRUE,reqs,1,1,invack,i,1,TRUE,3,reqs,i,2,2,TRUE,2,gnts,empty,TRUE,1,0
TRUE,1,gnts,1,invack,gnts,2,inv,2,TRUE,reqe,i,1,TRUE,2,2,TRUE,inv,2,1,invack,i,2,TRUE,2,empty,i,2,1,TRUE,1,reqe,empty,TRUE,2,0
TRUE,1,empty,1,gnte,inv,1,reqs,2,TRUE,gnts,i,2,TRUE,1,1,TRUE,empty,2,1,empty,i,2,TRUE,3,invack,i,1,1,FALSE,1,gnts,invack,TRUE,1,0
TRUE,1,invack,1,reqs,reqe,1,inv,1,TRUE,reqe,i,2,TRUE,1,2,TRUE,empty,2,2,invack,e,1,TRUE,3,reqs,i,1,2,FALSE,2,gnts,empty,TRUE,1,0
TRUE,1,empty,2,reqe,reqs,2,gnte,2,TRUE,empty,e,2,TRUE,2,2,TRUE,inv,2,1,invack,i,2,TRUE,3,gnts,i,2,1,FALSE,1,reqs,reqe,TRUE,2,0
TRUE,1,empty,1,reqs,gnts,1,inv,1,TRUE,gnte,i,2,TRUE,2,1,TRUE,reqs,1,2,empty,i,2,TRUE,2,gnts,e,1,1,FALSE,2,reqs,reqs,TRUE,1,0
TRUE,1,gnte,2,reqs,empty,2,invack,2,TRUE,reqe,i,2,TRUE,2,1,TRUE,gnts,1,1,gnts,i,1,TRUE,2,gnte,i,2,1,FALSE,1,gnte,reqe,TRUE,2,0
TRUE,1,invack,2,reqe,inv,2,empty,2,TRUE,invack,s,2,TRUE,2,2,TRUE,inv,1,2,reqe,i,2,TRUE,1,gnte,i,1,1,FALSE,1,gnte,invack,TRUE,2,0
TRUE,1,invack,1,reqe,invack,1,gnte,1,TRUE,inv,i,2,TRUE,1,1,TRUE,gnts,2,1,empty,i,1,TRUE,2,reqs,e,2,1,FALSE,1,reqe,gnts,TRUE,2,0
TRUE,1,inv,1,inv,reqe,1,inv,1,TRUE,reqe,i,2,TRUE,1,2,TRUE,inv,1,1,gnts,e,1,TRUE,2,invack,i,1,1,FALSE,2,inv,gnts,TRUE,2,0
TRUE,1,gnts,1,empty,reqe,2,invack,1,TRUE,reqe,e,2,TRUE,1,1,TRUE,inv,1,2,reqe,i,1,TRUE,3,gnts,i,1,1,FALSE,2,reqs,reqe,TRUE,1,0
TRUE,1,reqs,2,reqs,reqe,2,gnte,1,TRUE,reqs,i,1,TRUE,2,2,TRUE,empty,2,1,inv,i,2,TRUE,3,inv,e,1,1,FALSE,1,reqs,reqe,TRUE,2,0
TRUE,1,empty,2,invack,inv,2,gnts,2,TRUE,inv,i,1,TRUE,1,1,TRUE,empty,2,1,empty,e,2,TRUE,2,empty,i,2,2,FALSE,1,empty,gnte,TRUE,2,0
TRUE,1,inv,2,empty,reqe,2,invack,2,TRUE,reqe,e,1,TRUE,1,2,TRUE,invack,2,2,inv,i,1,TRUE,3,reqs,i,2,1,FALSE,1,gnts,gnts,TRUE,1,0
TRUE,2,gnte,2,gnts,gnte,2,empty,1,TRUE,gnte,e,1,TRUE,2,2,TRUE,gnte,1,2,empty,e,1,TRUE,1,invack,i,1,1,TRUE,2,gnte,reqe,TRUE,1,0
TRUE,1,gnts,1,reqe,invack,2,inv,2,TRUE,gnte,e,1,TRUE,2,2,TRUE,reqe,1,2,invack,e,2,TRUE,3,gnte,e,1,1,TRUE,2,gnts,gnts,TRUE,1,0
TRUE,2,gnts,2,gnte,inv,2,inv,1,TRUE,invack,i,1,TRUE,1,1,TRUE,invack,2,1,empty,s,1,TRUE,3,gnte,s,2,2,TRUE,2,gnte,gnte,TRUE,2,0
TRUE,2,gnts,2,reqs,empty,2,empty,2,TRUE,empty,i,2,TRUE,2,2,TRUE,invack,2,2,gnts,i,2,TRUE,3,inv,i,1,1,TRUE,1,gnte,empty,TRUE,2,0
TRUE,1,invack,2,empty,empty,1,reqs,1,TRUE,reqs,i,2,TRUE,2,1,TRUE,invack,2,1,reqe,i,2,TRUE,1,gnte,i,2,1,TRUE,1,empty,empty,TRUE,1,0
TRUE,2,invack,2,invack,gnte,1,empty,1,TRUE,gnts,i,1,TRUE,2,1,TRUE,invack,2,1,gnte,i,2,TRUE,2,inv,i,1,2,TRUE,1,gnte,empty,TRUE,1,0
TRUE,2,reqs,1,gnte,invack,2,inv,1,TRUE,inv,i,2,TRUE,2,2,TRUE,empty,1,2,reqe,i,2,TRUE,3,reqs,e,2,1,TRUE,2,gnte,empty,TRUE,2,0
TRUE,1,gnts,1,invack,inv,1,empty,1,TRUE,inv,i,1,TRUE,2,1,TRUE,invack,1,1,reqs,i,1,TRUE,3,reqe,e,2,1,TRUE,2,inv,empty,TRUE,1,0
TRUE,1,reqe,1,reqe,reqe,1,empty,1,TRUE,reqe,i,1,TRUE,2,1,TRUE,invack,1,1,gnte,e,1,TRUE,2,inv,i,2,2,TRUE,1,gnts,empty,TRUE,1,0
TRUE,2,inv,2,inv,reqe,1,invack,1,TRUE,gnts,e,2,TRUE,1,1,TRUE,invack,1,1,inv,i,1,TRUE,3,invack,i,1,2,TRUE,2,gnts,empty,TRUE,1,0
TRUE,1,reqs,1,gnts,invack,2,empty,2,TRUE,reqs,i,1,TRUE,2,2,TRUE,invack,2,2,reqs,i,1,TRUE,3,inv,e,2,1,TRUE,1,gnts,empty,TRUE,1,0
TRUE,1,reqs,2,invack,reqe,2,inv,2,TRUE,inv,i,2,TRUE,2,2,TRUE,invack,1,2,reqe,e,1,TRUE,2,gnte,i,1,1,TRUE,2,empty,empty,TRUE,2,0
TRUE,1,invack,2,inv,reqs,2,invack,2,TRUE,reqe,e,2,TRUE,2,2,TRUE,invack,1,2,gnts,i,1,TRUE,3,gnts,i,1,2,TRUE,1,gnte,empty,TRUE,1,0
TRUE,1,invack,1,reqe,empty,1,invack,1,TRUE,invack,i,1,TRUE,2,1,TRUE,reqs,2,2,reqe,i,1,TRUE,1,reqe,i,2,2,TRUE,1,empty,empty,TRUE,1,0
TRUE,1,invack,2,empty,inv,1,reqe,1,TRUE,gnte,i,1,TRUE,2,1,TRUE,gnts,2,1,gnte,i,2,TRUE,2,empty,i,2,1,TRUE,1,gnte,empty,TRUE,1,0
TRUE,2,invack,1,inv,inv,1,empty,1,TRUE,gnts,i,1,TRUE,2,1,TRUE,inv,2,1,gnts,i,1,TRUE,1,inv,i,2,2,TRUE,1,invack,empty,TRUE,1,0
TRUE,1,empty,2,empty,inv,2,inv,2,TRUE,reqs,i,2,TRUE,2,1,TRUE,gnts,2,2,gnte,e,1,TRUE,3,inv,i,1,2,TRUE,2,inv,empty,TRUE,2,0
TRUE,2,invack,2,reqs,gnts,1,inv,2,TRUE,empty,i,1,TRUE,2,1,TRUE,empty,2,1,inv,i,2,TRUE,1,invack,e,2,1,TRUE,1,reqe,empty,TRUE,1,0
TRUE,2,invack,2,empty,gnts,1,empty,1,TRUE,empty,i,1,TRUE,1,1,TRUE,invack,1,2,gnts,e,2,TRUE,1,reqe,i,2,1,TRUE,1,empty,empty,TRUE,2,0
TRUE,2,invack,2,reqe,gnte,1,invack,1,TRUE,reqe,e,1,TRUE,1,1,TRUE,invack,2,2,reqe,i,2,TRUE,2,invack,i,2,1,TRUE,2,reqe,empty,TRUE,2,0
TRUE,2,invack,1,gnte,gnts,2,invack,1,TRUE,inv,i,2,TRUE,1,2,TRUE,gnte,1,1,inv,i,2,TRUE,3,inv,e,2,1,TRUE,1,inv,empty,TRUE,2,0
TRUE,1,invack,1,inv,inv,2,inv,2,TRUE,empty,i,2,TRUE,1,1,TRUE,gnts,2,1,invack,e,2,TRUE,3,inv,i,1,1,TRUE,1,inv,empty,TRUE,1,0
TRUE,2,invack,2,reqe,invack,2,inv,2,TRUE,inv,e,2,TRUE,1,2,TRUE,empty,1,1,reqe,i,2,TRUE,2,inv,i,1,2,TRUE,1,empty,empty,TRUE,2,0
TRUE,1,empty,1,inv,empty,1,gnts,1,TRUE,reqe,i,1,TRUE,1,1,TRUE,inv,2,1,invack,i,2,TRUE,2,inv,i,2,1,TRUE,2,invack,empty,TRUE,1,0
TRUE,2,empty,1,empty,reqe,2,empty,2,TRUE,inv,i,2,TRUE,2,2,TRUE,reqs,2,1,invack,i,2,TRUE,2,empty,i,1,1,TRUE,2,gnte,empty,TRUE,2,0
TRUE,2,inv,2,gnte,reqs,2,empty,2,TRUE,reqs,i,1,TRUE,2,2,TRUE,gnte,2,2,invack,i,1,TRUE,2,gnte,i,1,2,TRUE,2,gnte,empty,TRUE,2,0
TRUE,1,inv,1,invack,inv,2,gnte,1,TRUE,empty,e,2,TRUE,1,1,TRUE,empty,2,1,empty,i,1,TRUE,2,inv,i,2,1,TRUE,1,inv,empty,TRUE,1,0
TRUE,1,reqs,1,invack,reqs,1,gnte,1,TRUE,gnts,i,1,TRUE,1,1,TRUE,inv,1,2,invack,i,1,TRUE,3,reqs,e,2,2,TRUE,1,reqs,empty,TRUE,1,0
TRUE,1,reqs,2,gnte,empty,1,empty,1,TRUE,reqs,i,1,TRUE,1,1,TRUE,invack,1,1,invack,e,2,TRUE,1,gnte,i,1,1,TRUE,1,invack,empty,TRUE,2,0
TRUE,1,gnts,1,gnte,gnts,2,inv,1,TRUE,inv,e,1,TRUE,1,1,TRUE,empty,2,2,invack,i,1,TRUE,2,reqs,i,1,1,TRUE,1,reqs,empty,TRUE,2,0
TRUE,1,gnte,2,invack,empty,2,reqe,2,TRUE,inv,i,1,TRUE,2,2,TRUE,gnte,2,2,invack,i,2,TRUE,3,reqe,e,2,2,TRUE,1,reqe,empty,TRUE,2,0
TRUE,1,gnts,2,gnts,gnts,2,empty,2,TRUE,gnts,i,1,TRUE,2,1,TRUE,reqs,2,2,invack,e,2,TRUE,2,gnte,i,1,1,TRUE,2,gnte,empty,TRUE,1,0
TRUE,1,reqs,1,reqe,reqs,1,invack,2,TRUE,gnte,e,1,TRUE,2,2,TRUE,reqs,2,2,invack,i,1,TRUE,3,invack,i,2,2,TRUE,2,gnte,empty,TRUE,2,0
TRUE,1,gnte,1,gnts,invack,1,gnte,1,TRUE,gnts,i,2,TRUE,1,1,TRUE,inv,2,2,reqs,i,1,TRUE,3,reqs,e,1,1,FALSE,1,invack,gnte,TRUE,1,0
TRUE,2,invack,1,inv,inv,1,reqe,2,TRUE,gnts,i,1,TRUE,1,2,TRUE,gnte,1,2,reqs,e,2,TRUE,2,gnts,s,2,1,FALSE,2,gnte,inv,TRUE,2,0
TRUE,1,gnts,1,empty,gnte,1,gnte,2,TRUE,gnts,e,2,TRUE,1,1,TRUE,gnts,2,2,gnts,i,2,TRUE,3,empty,s,2,1,FALSE,2,empty,inv,TRUE,1,0
TRUE,2,invack,2,gnte,inv,2,invack,2,TRUE,gnts,i,1,TRUE,2,2,TRUE,reqs,1,1,inv,i,1,TRUE,2,invack,e,2,2,FALSE,2,reqe,reqe,TRUE,2,0
TRUE,1,gnts,2,reqs,gnte,2,inv,1,TRUE,gnts,i,1,TRUE,1,2,TRUE,empty,1,1,invack,e,1,TRUE,3,empty,e,1,2,FALSE,2,empty,gnts,TRUE,1,0
TRUE,2,gnts,2,gnts,gnts,1,reqs,2,TRUE,gnts,e,1,TRUE,1,2,TRUE,reqe,1,1,gnts,i,1,TRUE,1,reqs,e,2,2,FALSE,2,invack,inv,TRUE,2,0
TRUE,2,gnts,1,reqs,inv,1,reqe,2,TRUE,reqs,i,2,TRUE,1,1,TRUE,reqe,2,2,reqe,s,2,TRUE,3,reqs,e,1,2,FALSE,1,gnts,gnte,TRUE,2,0
TRUE,1,reqe,1,gnte,inv,1,reqe,1,TRUE,empty,i,2,TRUE,1,1,TRUE,reqs,2,1,inv,e,1,TRUE,1,gnts,i,1,1,FALSE,2,gnts,invack,TRUE,2,0
TRUE,1,empty,1,reqe,invack,1,reqe,1,TRUE,reqe,e,2,TRUE,2,1,TRUE,invack,1,2,invack,i,2,TRUE,2,invack,i,1,1,FALSE,2,gnts,reqs,TRUE,2,0
TRUE,1,inv,2,gnte,inv,2,empty,2,TRUE,reqs,i,2,TRUE,1,1,TRUE,gnts,2,2,reqe,s,2,TRUE,1,inv,e,2,2,FALSE,1,gnts,reqe,TRUE,2,0
TRUE,1,empty,2,gnte,gnte,2,inv,2,TRUE,inv,i,1,TRUE,2,2,TRUE,inv,2,1,reqs,e,2,TRUE,2,reqs,i,2,2,FALSE,2,gnts,invack,TRUE,1,0
TRUE,1,gnts,2,reqe,invack,2,reqs,2,TRUE,invack,e,1,TRUE,2,1,TRUE,reqs,1,1,gnte,i,1,TRUE,1,inv,i,2,1,FALSE,1,gnts,inv,TRUE,1,0
TRUE,1,inv,1,empty,inv,2,inv,2,TRUE,invack,s,1,TRUE,1,1,TRUE,gnts,2,1,reqs,i,1,TRUE,1,gnts,e,2,1,FALSE,2,empty,gnte,TRUE,2,0
TRUE,1,gnte,1,gnte,empty,2,gnte,1,TRUE,reqe,i,2,TRUE,2,2,TRUE,inv,2,2,reqe,e,1,TRUE,2,gnts,i,2,1,FALSE,2,reqe,inv,TRUE,2,0
TRUE,2,reqe,1,inv,reqe,2,empty,1,TRUE,gnts,e,1,TRUE,1,1,TRUE,empty,1,2,gnte,i,1,TRUE,2,gnts,i,2,2,FALSE,1,empty,invack,TRUE,2,0
TRUE,1,reqe,2,empty,gnte,2,gnts,2,TRUE,reqe,i,2,TRUE,1,2,TRUE,gnts,2,2,invack,i,2,TRUE,2,gnts,e,2,2,FALSE,2,gnts,reqe,TRUE,1,0
TRUE,1,inv,2,gnts,reqs,1,invack,2,TRUE,reqs,e,1,TRUE,2,1,TRUE,reqs,1,2,gnts,e,2,TRUE,2,gnts,i,2,2,FALSE,2,inv,gnts,TRUE,2,0
TRUE,2,reqs,2,gnte,reqe,2,empty,2,TRUE,gnts,e,2,TRUE,2,2,TRUE,empty,2,2,inv,i,2,TRUE,2,gnts,i,2,2,FALSE,1,gnts,invack,TRUE,1,0
TRUE,2,inv,1,inv,reqs,1,gnte,1,TRUE,gnte,i,1,TRUE,2,1,TRUE,invack,1,2,inv,i,2,TRUE,2,invack,e,1,1,FALSE,1,empty,empty,TRUE,2,0
TRUE,1,gnte,2,reqs,invack,2,reqe,1,TRUE,gnte,i,1,TRUE,1,2,TRUE,reqe,2,1,invack,i,1,TRUE,3,gnte,e,2,2,FALSE,1,invack,inv,TRUE,1,0
TRUE,1,empty,1,invack,empty,1,gnte,1,TRUE,inv,i,2,TRUE,1,1,TRUE,inv,1,1,reqs,e,2,TRUE,2,reqs,i,1,1,FALSE,2,gnte,reqe,TRUE,2,0
TRUE,1,gnts,2,inv,invack,2,gnts,2,TRUE,gnts,i,2,TRUE,2,1,TRUE,reqe,2,2,gnts,e,1,TRUE,2,reqe,i,2,1,FALSE,2,gnte,empty,TRUE,1,0
TRUE,2,gnts,1,gnte,gnte,1,empty,1,TRUE,empty,e,2,TRUE,1,1,TRUE,gnte,1,2,reqs,i,1,TRUE,2,gnte,i,2,2,FALSE,2,invack,gnts,TRUE,1,0
TRUE,1,gnte,2,gnte,empty,1,inv,2,TRUE,inv,e,2,TRUE,2,2,TRUE,invack,2,1,reqs,i,2,TRUE,2,gnte,i,2,2,FALSE,1,gnte,reqs,TRUE,1,0
TRUE,2,inv,1,inv,reqe,1,inv,1,TRUE,gnte,i,2,TRUE,2,1,TRUE,invack,1,2,inv,i,2,TRUE,1,gnts,s,1,2,FALSE,2,gnts,reqe,TRUE,1,0
TRUE,1,gnts,1,empty,reqe,1,reqe,1,TRUE,gnts,i,1,TRUE,1,1,TRUE,inv,1,1,reqs,s,1,TRUE,2,gnts,i,2,1,FALSE,2,gnte,invack,TRUE,1,0
TRUE,1,reqs,1,invack,empty,1,reqe,1,TRUE,gnts,s,2,TRUE,1,1,TRUE,invack,2,1,reqe,i,2,TRUE,3,gnte,i,2,1,FALSE,1,reqe,invack,TRUE,1,0
TRUE,1,gnts,2,gnts,gnts,2,gnte,1,TRUE,gnte,i,2,TRUE,2,2,TRUE,gnts,2,1,reqs,i,2,TRUE,2,gnts,e,2,2,FALSE,1,reqs,empty,TRUE,1,0
TRUE,1,inv,2,reqe,gnte,2,inv,2,TRUE,reqs,i,1,TRUE,1,2,TRUE,invack,2,2,invack,e,2,TRUE,2,reqs,i,2,1,FALSE,1,gnte,empty,TRUE,1,0
TRUE,2,invack,2,empty,gnte,2,gnts,2,TRUE,reqe,s,1,TRUE,2,2,TRUE,inv,2,1,reqe,i,1,TRUE,3,gnte,i,1,2,FALSE,1,empty,reqs,TRUE,2,0
TRUE,2,inv,1,gnts,empty,2,reqe,2,TRUE,gnts,i,2,TRUE,1,2,TRUE,invack,2,2,gnts,i,1,TRUE,1,gnts,i,1,1,TRUE,1,inv,empty,TRUE,2,0
TRUE,1,invack,2,inv,empty,1,gnts,1,TRUE,reqe,i,2,TRUE,2,1,TRUE,invack,1,1,reqs,i,2,TRUE,2,invack,s,2,2,TRUE,2,gnts,empty,TRUE,1,0
TRUE,1,gnts,1,gnte,empty,1,invack,2,TRUE,inv,i,2,TRUE,2,1,TRUE,empty,1,1,reqe,i,2,TRUE,2,invack,e,1,2,TRUE,2,reqe,empty,TRUE,1,0
FALSE,2,reqs,1,invack,empty,2,gnts,2,TRUE,empty,i,1,FALSE,1,2,FALSE,invack,2,2,gnte,i,2,TRUE,1,reqs,i,2,2,FALSE,1,reqe,reqe,TRUE,2,0
FALSE,2,invack,2,invack,empty,2,gnts,2,TRUE,gnte,i,1,FALSE,1,2,FALSE,invack,1,2,inv,i,1,TRUE,2,reqs,i,2,2,FALSE,1,empty,reqe,TRUE,2,0
FALSE,2,empty,2,reqs,empty,2,reqs,2,TRUE,gnts,i,2,FALSE,2,2,FALSE,invack,1,2,reqs,i,2,TRUE,3,empty,i,1,2,FALSE,1,reqs,reqe,TRUE,2,0
TRUE,2,invack,2,empty,empty,1,reqe,2,TRUE,gnts,i,1,TRUE,1,1,TRUE,invack,1,1,gnte,i,2,TRUE,2,reqe,e,1,2,TRUE,1,invack,empty,TRUE,2,0
TRUE,1,gnts,1,gnte,empty,1,inv,1,TRUE,gnts,i,2,TRUE,1,2,TRUE,invack,2,1,gnts,e,1,TRUE,2,gnte,i,1,2,TRUE,1,reqs,empty,TRUE,1,0
TRUE,2,gnte,1,gnts,empty,1,gnts,1,TRUE,inv,e,2,TRUE,2,1,TRUE,invack,1,1,gnts,i,1,TRUE,3,reqs,i,2,1,TRUE,1,inv,empty,TRUE,1,0
TRUE,2,reqs,2,gnte,empty,2,gnts,2,TRUE,gnte,i,2,TRUE,2,2,TRUE,invack,2,2,invack,i,2,TRUE,1,reqe,e,2,2,TRUE,1,gnte,empty,TRUE,2,0
TRUE,1,invack,2,gnts,empty,2,gnts,2,TRUE,inv,i,2,TRUE,1,2,TRUE,invack,1,2,reqs,e,1,TRUE,2,reqe,i,2,1,TRUE,2,inv,empty,TRUE,2,0
TRUE,2,reqs,2,invack,empty,1,reqs,2,TRUE,reqs,e,1,TRUE,2,2,TRUE,invack,2,2,empty,i,2,TRUE,1,gnte,i,2,1,TRUE,1,inv,empty,TRUE,2,0
TRUE,2,empty,2,empty,reqs,2,reqs,2,TRUE,invack,i,1,TRUE,2,2,TRUE,invack,1,2,reqe,i,1,TRUE,1,reqe,i,2,1,TRUE,2,gnts,empty,TRUE,2,0
TRUE,1,reqs,2,empty,gnte,2,reqe,2,TRUE,inv,i,2,TRUE,2,2,TRUE,empty,1,2,gnte,i,1,TRUE,1,reqe,e,1,2,TRUE,2,reqs,empty,TRUE,2,0
FALSE,1,invack,2,empty,empty,1,inv,1,TRUE,empty,i,1,FALSE,2,1,FALSE,invack,2,1,inv,i,2,TRUE,1,reqe,i,2,1,FALSE,2,gnts,reqe,TRUE,1,0
FALSE,1,invack,2,empty,reqs,1,reqe,1,TRUE,gnts,i,2,FALSE,1,1,FALSE,invack,1,1,gnte,i,1,TRUE,2,reqs,i,1,1,FALSE,2,empty,reqe,TRUE,1,0
FALSE,1,gnts,1,empty,empty,2,invack,2,TRUE,reqe,i,2,FALSE,2,2,FALSE,invack,2,2,gnte,i,2,TRUE,3,empty,i,1,2,FALSE,1,reqs,reqe,TRUE,2,0
TRUE,1,gnts,1,empty,empty,1,reqs,2,TRUE,reqs,i,1,TRUE,2,1,TRUE,invack,1,1,empty,i,1,TRUE,1,empty,e,2,1,TRUE,2,empty,empty,TRUE,2,0
TRUE,1,reqs,2,empty,reqe,1,empty,1,TRUE,reqs,i,2,TRUE,2,1,TRUE,invack,2,1,gnte,e,2,TRUE,2,gnte,i,2,1,TRUE,1,gnte,empty,TRUE,2,0
TRUE,2,reqe,2,empty,gnts,1,inv,1,TRUE,reqe,e,2,TRUE,2,1,TRUE,invack,2,1,empty,i,2,TRUE,1,reqe,i,2,2,TRUE,2,empty,empty,TRUE,1,0
TRUE,2,reqe,2,empty,reqs,2,empty,1,TRUE,inv,i,1,TRUE,2,2,TRUE,invack,1,2,gnte,i,1,TRUE,2,inv,e,2,1,TRUE,2,reqe,empty,TRUE,2,0
TRUE,2,gnte,1,empty,reqe,2,gnts,2,TRUE,reqs,i,2,TRUE,2,1,TRUE,invack,2,2,reqe,e,1,TRUE,1,reqe,i,2,1,TRUE,1,reqs,empty,TRUE,2,0
TRUE,2,invack,1,empty,reqs,1,empty,2,TRUE,reqe,e,2,TRUE,1,2,TRUE,invack,1,2,invack,i,2,TRUE,1,reqs,i,2,2,TRUE,2,empty,empty,TRUE,1,0
TRUE,2,invack,1,gnts,reqe,2,empty,2,TRUE,inv,i,2,TRUE,2,2,TRUE,empty,2,2,gnts,i,1,TRUE,2,invack,e,2,2,TRUE,2,reqs,empty,TRUE,2,0
FALSE,2,reqs,2,gnte,invack,2,empty,2,TRUE,empty,i,1,FALSE,2,2,FALSE,invack,2,2,reqs,i,2,TRUE,1,empty,i,1,1,FALSE,1,inv,reqe,TRUE,2,0
FALSE,1,empty,2,inv,reqs,2,empty,2,TRUE,empty,i,2,FALSE,1,2,FALSE,invack,1,2,reqe,i,1,TRUE,2,reqe,i,2,2,FALSE,1,empty,reqe,TRUE,2,0
FALSE,1,reqe,2,reqe,inv,2,empty,2,TRUE,invack,i,2,FALSE,1,2,FALSE,invack,2,2,empty,i,1,TRUE,3,empty,i,1,2,FALSE,2,reqs,reqe,TRUE,2,0
TRUE,2,reqe,2,inv,empty,1,empty,1,TRUE,gnts,i,1,TRUE,2,1,TRUE,invack,2,1,gnte,i,1,TRUE,1,reqe,e,2,2,TRUE,2,gnte,empty,TRUE,1,0
TRUE,1,reqe,2,gnts,empty,1,empty,1,TRUE,gnts,i,2,TRUE,2,2,TRUE,invack,1,1,invack,e,1,TRUE,3,reqe,i,1,2,TRUE,2,gnts,empty,TRUE,1,0
TRUE,1,gnte,1,empty,empty,2,empty,1,TRUE,reqs,e,2,TRUE,1,1,TRUE,invack,1,1,gnts,i,2,TRUE,1,empty,i,1,2,TRUE,1,empty,empty,TRUE,1,0
TRUE,1,reqe,2,empty,empty,2,empty,1,TRUE,inv,i,2,TRUE,2,2,TRUE,invack,2,2,inv,i,2,TRUE,1,reqs,e,1,1,TRUE,1,reqe,empty,TRUE,1,0
TRUE,2,reqs,1,reqs,gnte,2,empty,2,TRUE,gnts,i,2,TRUE,1,2,TRUE,invack,2,2,invack,e,1,TRUE,1,inv,i,2,1,TRUE,2,reqe,empty,TRUE,1,0
TRUE,1,invack,1,gnte,inv,1,empty,2,TRUE,reqe,e,2,TRUE,1,2,TRUE,invack,2,2,inv,i,1,TRUE,1,reqe,i,2,1,TRUE,2,invack,empty,TRUE,1,0
TRUE,2,reqe,1,gnts,gnts,2,gnts,2,TRUE,empty,i,2,TRUE,1,2,TRUE,empty,1,2,invack,i,2,TRUE,1,reqs,e,1,2,TRUE,2,inv,empty,TRUE,2,0
TRUE,2,invack,2,inv,gnts,1,invack,2,TRUE,empty,i,2,TRUE,1,1,TRUE,empty,1,1,gnts,i,1,TRUE,3,inv,e,1,2,TRUE,1,gnts,empty,TRUE,1,0
TRUE,2,gnte,2,gnte,gnts,1,gnts,1,TRUE,inv,i,2,TRUE,1,2,TRUE,empty,2,1,inv,e,1,TRUE,1,reqe,e,1,2,TRUE,2,inv,empty,TRUE,1,0
TRUE,1,gnts,2,gnte,empty,2,reqe,2,TRUE,inv,e,1,TRUE,1,1,TRUE,empty,2,1,gnts,i,1,TRUE,3,invack,e,2,2,TRUE,1,reqs,empty,TRUE,2,0
TRUE,1,reqs,1,reqs,reqe,2,gnts,1,TRUE,inv,i,2,TRUE,1,2,TRUE,empty,1,2,invack,e,2,TRUE,1,invack,e,1,1,TRUE,1,empty,empty,TRUE,2,0
TRUE,1,invack,1,empty,reqe,2,inv,1,TRUE,inv,e,2,TRUE,1,2,TRUE,empty,1,2,invack,i,2,TRUE,3,invack,e,2,2,TRUE,1,gnte,empty,TRUE,1,0
TRUE,1,reqe,1,reqs,gnts,1,reqe,2,TRUE,gnte,i,1,TRUE,2,1,TRUE,invack,2,1,reqs,i,2,TRUE,1,invack,i,2,2,TRUE,2,invack,empty,TRUE,2,0
TRUE,1,reqs,1,gnts,reqs,1,inv,1,TRUE,reqs,i,1,TRUE,1,2,TRUE,invack,1,1,inv,i,1,TRUE,1,empty,i,1,2,TRUE,2,gnte,empty,TRUE,1,0
TRUE,1,reqs,1,empty,gnts,1,inv,1,TRUE,reqs,i,2,TRUE,1,1,TRUE,invack,2,1,empty,i,2,TRUE,3,gnte,i,2,2,TRUE,2,gnte,empty,TRUE,1,0
TRUE,2,gnts,1,reqe,gnts,2,gnte,2,TRUE,gnte,i,1,TRUE,2,2,TRUE,invack,2,2,inv,i,1,TRUE,2,gnte,e,1,2,TRUE,1,reqs,empty,TRUE,1,0
TRUE,2,gnte,2,reqe,inv,2,invack,2,TRUE,reqs,i,1,TRUE,1,2,TRUE,invack,2,2,empty,e,2,TRUE,3,empty,i,1,2,TRUE,2,gnte,empty,TRUE,2,0
TRUE,1,gnts,1,invack,inv,1,gnte,2,TRUE,reqs,e,1,TRUE,1,2,TRUE,invack,1,2,gnte,i,2,TRUE,1,gnte,i,1,1,TRUE,1,gnts,empty,TRUE,2,0
TRUE,2,invack,2,reqs,empty,2,empty,2,TRUE,gnte,i,2,TRUE,1,2,TRUE,reqe,1,1,gnte,i,2,TRUE,3,reqe,i,1,1,TRUE,1,gnts,empty,TRUE,2,0
TRUE,2,invack,2,reqs,empty,1,reqe,1,TRUE,inv,i,1,TRUE,1,1,TRUE,gnte,2,1,empty,i,2,TRUE,3,reqs,s,1,2,TRUE,2,inv,empty,TRUE,1,0
TRUE,1,empty,1,empty,empty,1,reqs,1,TRUE,gnts,i,1,TRUE,2,1,TRUE,empty,1,2,gnts,e,1,TRUE,2,reqs,i,2,1,TRUE,2,inv,empty,TRUE,1,0
FALSE,2,invack,1,gnte,empty,2,inv,2,TRUE,empty,i,2,FALSE,2,2,FALSE,gnte,1,1,inv,i,2,TRUE,1,gnte,i,2,1,FALSE,2,gnte,reqe,TRUE,2,0
FALSE,1,invack,2,invack,empty,2,empty,2,TRUE,reqe,i,2,FALSE,1,2,FALSE,invack,2,2,gnte,i,2,TRUE,2,empty,i,1,1,FALSE,1,empty,reqe,TRUE,2,0
FALSE,1,invack,1,gnte,empty,2,gnte,2,TRUE,gnte,i,2,FALSE,2,2,FALSE,invack,1,2,invack,i,2,TRUE,3,empty,i,1,2,FALSE,2,empty,reqe,TRUE,2,0
TRUE,1,invack,2,gnte,empty,1,invack,2,TRUE,gnts,i,1,TRUE,2,1,TRUE,gnts,1,1,gnts,i,2,TRUE,1,reqe,e,2,1,TRUE,2,gnte,empty,TRUE,2,0
TRUE,2,invack,2,empty,empty,1,gnte,1,TRUE,invack,i,1,TRUE,2,1,TRUE,invack,1,1,reqe,e,2,TRUE,2,reqe,i,1,1,TRUE,1,empty,empty,TRUE,1,0
TRUE,1,invack,2,invack,empty,2,reqs,1,TRUE,gnte,e,1,TRUE,2,1,TRUE,gnts,2,1,reqs,i,1,TRUE,2,reqs,i,2,2,TRUE,2,gnte,empty,TRUE,2,0
TRUE,1,invack,2,empty,empty,2,reqe,2,TRUE,gnts,i,2,TRUE,1,2,TRUE,gnte,2,2,inv,i,1,TRUE,1,empty,e,1,1,TRUE,1,gnts,empty,TRUE,1,0
TRUE,1,invack,2,inv,empty,2,empty,2,TRUE,reqs,i,2,TRUE,1,2,TRUE,reqs,1,1,gnts,e,1,TRUE,2,empty,i,2,1,TRUE,2,empty,empty,TRUE,2,0
TRUE,1,invack,2,empty,empty,1,empty,2,TRUE,invack,e,2,TRUE,2,2,TRUE,gnte,1,1,reqe,i,2,TRUE,2,empty,i,1,2,TRUE,2,reqs,empty,TRUE,2,0
TRUE,2,invack,2,empty,inv,2,gnte,2,TRUE,reqs,i,2,TRUE,2,2,TRUE,empty,2,2,reqs,i,2,TRUE,3,reqe,i,1,2,TRUE,1,reqs,empty,TRUE,2,0
TRUE,1,empty,2,empty,reqs,2,empty,2,TRUE,inv,i,2,TRUE,1,1,TRUE,invack,1,1,invack,e,1,TRUE,3,reqe,i,1,2,TRUE,1,inv,empty,TRUE,2,0
FALSE,1,invack,1,empty,gnts,1,gnts,1,TRUE,empty,i,1,FALSE,1,1,FALSE,gnts,2,2,invack,i,1,TRUE,1,empty,i,1,1,FALSE,2,gnte,reqe,TRUE,1,0
FALSE,2,invack,1,empty,empty,1,inv,1,TRUE,reqe,i,1,FALSE,2,1,FALSE,inv,2,1,gnte,i,1,TRUE,2,gnte,i,1,1,FALSE,2,empty,reqe,TRUE,1,0
FALSE,1,invack,2,empty,reqe,1,invack,1,TRUE,empty,i,1,FALSE,2,1,FALSE,reqe,2,1,empty,i,1,TRUE,3,empty,i,2,2,FALSE,2,gnte,reqe,TRUE,1,0
TRUE,1,invack,2,empty,invack,1,reqs,1,TRUE,empty,i,1,TRUE,1,1,TRUE,gnts,1,2,gnts,i,1,TRUE,2,gnts,e,1,2,TRUE,2,reqs,empty,TRUE,1,0
TRUE,1,invack,2,empty,gnte,1,empty,1,TRUE,reqe,i,1,TRUE,2,1,TRUE,invack,1,1,gnte,e,2,TRUE,1,reqs,i,2,1,TRUE,2,reqe,empty,TRUE,1,0
TRUE,1,invack,2,empty,reqs,1,gnte,1,TRUE,inv,e,1,TRUE,1,1,TRUE,empty,1,2,empty,i,1,TRUE,2,invack,i,1,2,TRUE,1,empty,empty,TRUE,1,0
TRUE,2,invack,1,empty,gnts,2,gnts,2,TRUE,empty,i,2,TRUE,2,2,TRUE,inv,1,2,inv,i,1,TRUE,3,reqs,e,1,1,TRUE,2,invack,empty,TRUE,2,0
TRUE,2,invack,2,empty,invack,2,invack,2,TRUE,gnte,i,2,TRUE,2,1,TRUE,reqs,2,1,reqs,e,2,TRUE,2,invack,i,1,1,TRUE,2,reqs,empty,TRUE,1,0
TRUE,1,invack,2,empty,gnte,1,reqe,2,TRUE,reqs,e,2,TRUE,2,2,TRUE,reqs,2,2,empty,i,1,TRUE,3,reqs,i,1,1,TRUE,2,reqe,empty,TRUE,1,0
TRUE,1,empty,1,reqe,gnts,2,empty,2,TRUE,inv,i,2,TRUE,2,1,TRUE,invack,2,1,gnte,e,2,TRUE,2,empty,i,2,2,TRUE,1,inv,empty,TRUE,2,0
FALSE,1,invack,1,gnts,gnts,1,empty,1,TRUE,empty,i,1,FALSE,2,1,FALSE,invack,1,2,invack,i,2,TRUE,1,gnte,i,1,1,FALSE,1,invack,reqe,TRUE,1,0
FALSE,1,invack,2,inv,gnts,1,empty,1,TRUE,reqe,i,1,FALSE,2,1,FALSE,invack,1,2,reqe,i,1,TRUE,2,reqs,i,2,1,FALSE,1,empty,reqe,TRUE,1,0
FALSE,2,invack,2,inv,empty,2,empty,2,TRUE,reqs,i,2,FALSE,1,2,FALSE,reqe,1,1,reqs,i,1,TRUE,3,empty,i,1,1,FALSE,1,invack,reqe,TRUE,2,0
TRUE,2,invack,2,empty,invack,1,empty,1,TRUE,reqs,i,1,TRUE,1,1,TRUE,invack,2,2,invack,i,2,TRUE,2,gnte,e,1,2,TRUE,1,inv,empty,TRUE,2,0
TRUE,2,invack,2,gnts,empty,1,empty,1,TRUE,reqs,i,1,TRUE,2,2,TRUE,reqe,1,2,reqs,e,2,TRUE,3,gnte,i,2,1,TRUE,2,gnts,empty,TRUE,1,0
TRUE,1,invack,2,gnte,reqe,2,empty,1,TRUE,empty,e,1,TRUE,1,1,TRUE,gnts,2,2,reqs,i,1,TRUE,2,empty,i,1,2,TRUE,1,inv,empty,TRUE,2,0
TRUE,2,invack,2,invack,gnts,2,empty,1,TRUE,invack,i,2,TRUE,2,2,TRUE,reqs,2,2,reqe,i,2,TRUE,1,empty,e,2,1,TRUE,1,invack,empty,TRUE,2,0
TRUE,1,invack,1,empty,reqe,2,empty,2,TRUE,inv,i,2,TRUE,1,2,TRUE,reqs,1,2,empty,e,2,TRUE,1,gnts,i,1,1,TRUE,2,empty,empty,TRUE,2,0
TRUE,2,invack,2,reqs,gnte,1,empty,2,TRUE,gnts,e,2,TRUE,2,2,TRUE,empty,1,1,invack,i,2,TRUE,3,invack,i,2,1,TRUE,2,empty,empty,TRUE,2,0
TRUE,2,empty,1,gnts,invack,2,empty,2,TRUE,reqe,i,2,TRUE,1,2,TRUE,gnte,2,1,reqs,e,1,TRUE,1,gnte,i,2,1,TRUE,2,empty,empty,TRUE,2,0
TRUE,1,empty,1,invack,gnts,1,empty,1,TRUE,inv,i,1,TRUE,1,2,TRUE,inv,2,1,gnts,e,2,TRUE,3,empty,i,2,1,TRUE,2,empty,empty,TRUE,1,0
TRUE,2,empty,1,inv,reqs,1,gnte,2,TRUE,invack,i,1,TRUE,2,2,TRUE,gnte,1,2,reqs,e,2,TRUE,2,invack,e,1,2,TRUE,1,inv,empty,TRUE,2,0
TRUE,2,empty,2,invack,reqs,1,gnte,1,TRUE,inv,e,1,TRUE,2,2,TRUE,gnts,2,2,reqe,e,1,TRUE,3,reqs,i,1,1,TRUE,2,inv,empty,TRUE,1,0
TRUE,1,empty,2,empty,gnts,2,gnts,2,TRUE,inv,i,2,TRUE,1,2,TRUE,gnts,1,2,reqs,e,2,TRUE,1,reqs,e,1,2,TRUE,1,inv,empty,TRUE,2,0
TRUE,2,empty,1,empty,gnts,2,empty,2,TRUE,empty,e,2,TRUE,1,2,TRUE,inv,1,1,invack,e,2,TRUE,2,reqs,i,1,1,TRUE,1,inv,empty,TRUE,2,0
TRUE,1,invack,2,gnts,empty,1,gnts,2,TRUE,gnte,i,1,TRUE,2,1,TRUE,reqe,2,1,inv,i,2,TRUE,2,reqs,s,1,1,TRUE,2,gnts,empty,TRUE,2,0
TRUE,1,invack,2,empty,invack,1,reqs,1,TRUE,gnte,i,1,TRUE,1,2,TRUE,invack,1,2,invack,e,1,TRUE,1,invack,i,1,1,TRUE,1,gnte,empty,TRUE,1,0
TRUE,2,invack,2,reqe,gnts,1,empty,1,TRUE,gnte,e,1,TRUE,2,1,TRUE,invack,1,1,reqs,i,1,TRUE,1,gnte,i,1,2,TRUE,1,invack,empty,TRUE,1,0
TRUE,2,invack,2,gnte,invack,2,gnts,1,TRUE,gnte,i,2,TRUE,1,2,TRUE,gnte,1,2,invack,i,2,TRUE,3,reqe,s,1,2,TRUE,2,gnts,empty,TRUE,2,0
TRUE,1,invack,1,invack,gnte,2,reqs,2,TRUE,gnts,i,2,TRUE,2,1,TRUE,inv,2,2,invack,i,2,TRUE,3,reqs,i,2,2,TRUE,1,gnte,empty,TRUE,1,0
TRUE,1,invack,1,empty,reqe,1,inv,2,TRUE,empty,s,2,TRUE,2,2,TRUE,empty,2,2,invack,i,1,TRUE,3,gnte,i,2,2,TRUE,2,reqs,empty,TRUE,2,0
TRUE,1,gnts,1,empty,empty,2,inv,2,TRUE,reqe,i,2,TRUE,2,2,TRUE,gnte,2,2,invack,i,1,TRUE,1,invack,i,1,1,TRUE,1,gnte,empty,TRUE,2,0
TRUE,1,reqe,1,reqe,empty,1,reqs,1,TRUE,invack,i,2,TRUE,1,1,TRUE,gnts,1,2,invack,i,1,TRUE,1,empty,s,2,2,TRUE,2,reqs,empty,TRUE,1,0
TRUE,2,empty,2,gnts,empty,1,inv,2,TRUE,empty,e,2,TRUE,2,2,TRUE,reqe,1,2,empty,i,1,TRUE,3,inv,i,2,1,TRUE,1,gnte,empty,TRUE,2,0
FALSE,2,gnts,1,empty,empty,2,gnte,2,TRUE,empty,i,1,FALSE,2,2,FALSE,reqs,1,2,invack,i,1,TRUE,1,reqs,i,2,2,FALSE,2,inv,reqe,TRUE,2,0
FALSE,2,empty,2,invack,empty,2,empty,2,TRUE,empty,i,2,FALSE,2,2,FALSE,reqs,2,1,invack,i,1,TRUE,2,empty,i,2,2,FALSE,1,empty,reqe,TRUE,2,0
FALSE,1,inv,2,gnte,empty,1,inv,1,TRUE,gnte,i,2,FALSE,1,1,FALSE,invack,2,2,invack,i,1,TRUE,3,empty,i,2,2,FALSE,2,gnte,reqe,TRUE,1,0
TRUE,1,empty,2,reqe,empty,1,inv,2,TRUE,reqs,i,2,TRUE,1,1,TRUE,invack,2,2,invack,i,1,TRUE,3,reqs,e,2,1,TRUE,2,gnte,empty,TRUE,1,0
TRUE,1,empty,1,invack,empty,1,gnts,1,TRUE,empty,i,2,TRUE,1,1,TRUE,invack,2,2,invack,e,2,TRUE,2,reqe,i,1,1,TRUE,2,gnte,empty,TRUE,1,0
TRUE,2,gnte,1,inv,empty,2,reqe,1,TRUE,reqe,e,2,TRUE,1,1,TRUE,invack,1,1,invack,i,1,TRUE,1,empty,i,2,2,TRUE,2,reqe,empty,TRUE,2,0
TRUE,2,inv,2,reqe,empty,2,gnte,1,TRUE,gnts,i,2,TRUE,2,2,TRUE,gnte,2,2,invack,i,2,TRUE,1,empty,e,1,2,TRUE,1,reqe,empty,TRUE,2,0
TRUE,1,reqe,1,gnte,empty,2,inv,2,TRUE,invack,i,1,TRUE,2,2,TRUE,inv,2,2,invack,e,1,TRUE,3,reqs,i,1,2,TRUE,2,empty,empty,TRUE,2,0
TRUE,1,reqs,2,empty,empty,1,reqs,2,TRUE,invack,e,2,TRUE,2,2,TRUE,inv,1,1,invack,i,2,TRUE,1,empty,i,2,2,TRUE,1,reqs,empty,TRUE,2,0
TRUE,1,empty,2,empty,reqe,2,gnte,2,TRUE,reqs,i,1,TRUE,2,2,TRUE,reqs,2,2,invack,i,2,TRUE,1,reqe,i,2,1,TRUE,1,reqs,empty,TRUE,2,0
TRUE,1,invack,2,empty,empty,1,reqs,2,TRUE,gnts,e,1,TRUE,2,2,TRUE,gnts,1,1,empty,i,1,TRUE,3,inv,i,2,2,TRUE,2,inv,empty,TRUE,2,0
FALSE,2,inv,1,empty,empty,2,inv,2,TRUE,empty,i,2,FALSE,2,2,FALSE,gnts,1,1,invack,i,1,TRUE,1,gnts,i,2,2,FALSE,1,gnte,reqe,TRUE,2,0
FALSE,2,gnte,1,empty,reqe,1,empty,1,TRUE,reqs,i,1,FALSE,1,1,FALSE,reqs,1,2,invack,i,1,TRUE,2,empty,i,2,1,FALSE,1,empty,reqe,TRUE,1,0
FALSE,2,gnts,2,empty,empty,2,gnte,2,TRUE,reqe,i,2,FALSE,2,2,FALSE,reqs,1,1,invack,i,1,TRUE,3,empty,i,2,2,FALSE,2,empty,reqe,TRUE,2,0
TRUE,1,reqs,2,empty,invack,1,gnts,1,TRUE,gnts,i,2,TRUE,1,1,TRUE,empty,1,2,invack,i,2,TRUE,1,gnte,e,2,2,TRUE,1,reqe,empty,TRUE,1,0
TRUE,1,gnts,1,empty,reqs,1,reqe,1,TRUE,invack,i,1,TRUE,1,1,TRUE,reqe,1,1,invack,e,1,TRUE,1,invack,i,2,2,TRUE,1,gnts,empty,TRUE,1,0
TRUE,2,reqs,2,empty,inv,2,empty,1,TRUE,reqs,e,2,TRUE,1,1,TRUE,gnte,1,1,invack,i,1,TRUE,2,reqs,i,2,2,TRUE,2,gnts,empty,TRUE,1,0
TRUE,2,gnte,2,empty,empty,2,gnte,2,TRUE,inv,i,1,TRUE,2,2,TRUE,reqs,2,2,invack,i,2,TRUE,2,invack,e,1,2,TRUE,1,reqe,empty,TRUE,2,0
TRUE,1,invack,2,empty,reqs,2,gnte,2,TRUE,inv,i,1,TRUE,2,2,TRUE,gnte,1,2,invack,e,2,TRUE,1,gnte,i,1,1,TRUE,2,empty,empty,TRUE,2,0
TRUE,1,empty,1,empty,reqe,1,reqe,2,TRUE,reqs,e,1,TRUE,2,2,TRUE,reqs,2,2,invack,i,1,TRUE,3,gnts,i,1,2,TRUE,2,inv,empty,TRUE,1,0
FALSE,1,empty,1,empty,empty,1,empty,1,FALSE,empty,i,1,FALSE,1,1,FALSE,empty,1,1,empty,i,1,FALSE,2,empty,i,1,1,FALSE,1,empty,empty,FALSE,1,1
FALSE,1,empty,1,empty,reqs,1,empty,1,FALSE,empty,i,1,FALSE,1,1,FALSE,empty,1,1,empty,i,1,FALSE,1,empty,i,1,1,FALSE,1,empty,empty,FALSE,1,1
FALSE,1,empty,1,reqs,empty,1,empty,1,FALSE,empty,i,1,FALSE,1,1,FALSE,empty,1,1,empty,i,1,FALSE,3,empty,i,1,1,FALSE,1,empty,empty,FALSE,1,1
FALSE,1,empty,1,empty,empty,1,reqs,1,FALSE,empty,i,1,FALSE,1,1,FALSE,empty,1,1,empty,i,1,FALSE,1,empty,i,1,1,FALSE,1,empty,empty,FALSE,1,1
FALSE,1,empty,1,empty,reqe,1,empty,1,FALSE,empty,i,1,FALSE,1,1,FALSE,empty,1,1,empty,i,1,FALSE,3,empty,i,1,1,FALSE,1,empty,empty,FALSE,1,1
FALSE,1,empty,1,reqe,empty,1,empty,1,FALSE,empty,i,1,FALSE,1,1,FALSE,empty,1,1,empty,i,1,FALSE,1,empty,i,1,1,FALSE,1,empty,empty,FALSE,1,1
FALSE,1,empty,1,empty,empty,1,reqe,1,FALSE,empty,i,1,FALSE,1,1,FALSE,empty,1,1,empty,i,1,FALSE,1,empty,i,1,1,FALSE,1,empty,empty,FALSE,1,1
FALSE,1,empty,1,reqs,reqs,1,empty,1,FALSE,empty,i,1,FALSE,1,1,FALSE,empty,1,1,empty,i,1,FALSE,3,empty,i,1,1,FALSE,1,empty,empty,FALSE,1,1
FALSE,1,empty,1,empty,reqs,1,reqs,1,FALSE,empty,i,1,FALSE,1,1,FALSE,empty,1,1,empty,i,1,FALSE,2,empty,i,1,1,FALSE,1,empty,empty,FALSE,1,1
FALSE,1,empty,1,reqe,reqs,1,empty,1,FALSE,empty,i,1,FALSE,1,1,FALSE,empty,1,1,empty,i,1,FALSE,1,empty,i,1,1,FALSE,1,empty,empty,FALSE,1,1
FALSE,1,empty,1,empty,reqs,1,reqe,1,FALSE,empty,i,1,FALSE,1,1,FALSE,empty,1,1,empty,i,1,FALSE,2,empty,i,1,1,FALSE,1,empty,empty,FALSE,1,1
FALSE,1,empty,1,empty,empty,1,empty,1,FALSE,empty,i,1,FALSE,1,1,FALSE,empty,1,1,empty,i,1,FALSE,1,empty,i,1,1,FALSE,1,empty,reqs,FALSE,1,1
FALSE,1,empty,1,reqs,empty,1,reqs,1,FALSE,empty,i,1,FALSE,1,1,FALSE,empty,1,1,empty,i,1,FALSE,1,empty,i,1,1,FALSE,1,empty,empty,FALSE,1,1
FALSE,1,empty,1,reqs,reqe,1,empty,1,FALSE,empty,i,1,FALSE,1,1,FALSE,empty,1,1,empty,i,1,FALSE,3,empty,i,1,1,FALSE,1,empty,empty,FALSE,1,1
FALSE,1,empty,1,reqs,empty,1,reqe,1,FALSE,empty,i,1,FALSE,1,1,FALSE,empty,1,1,empty,i,1,FALSE,2,empty,i,1,1,FALSE,1,empty,empty,FALSE,1,1
FALSE,1,empty,1,empty,empty,1,empty,1,FALSE,empty,i,1,FALSE,1,1,FALSE,empty,1,1,empty,i,1,FALSE,2,empty,i,1,1,FALSE,1,empty,reqs,FALSE,1,1
FALSE,1,empty,1,empty,reqe,1,reqs,1,FALSE,empty,i,1,FALSE,1,1,FALSE,empty,1,1,empty,i,1,FALSE,2,empty,i,1,1,FALSE,1,empty,empty,FALSE,1,1
FALSE,1,empty,1,reqe,empty,1,reqs,1,FALSE,empty,i,1,FALSE,1,1,FALSE,empty,1,1,empty,i,1,FALSE,1,empty,i,1,1,FALSE,1,empty,empty,FALSE,1,1
FALSE,1,empty,1,empty,empty,1,empty,1,FALSE,empty,i,1,FALSE,1,1,FALSE,empty,1,1,empty,i,1,FALSE,3,empty,i,1,1,FALSE,1,empty,reqs,FALSE,1,1
FALSE,1,empty,1,reqe,reqe,1,empty,1,FALSE,empty,i,1,FALSE,1,1,FALSE,empty,1,1,empty,i,1,FALSE,3,empty,i,1,1,FALSE,1,empty,empty,FALSE,1,1
FALSE,1,empty,1,empty,reqe,1,reqe,1,FALSE,empty,i,1,FALSE,1,1,FALSE,empty,1,1,empty,i,1,FALSE,1,empty,i,1,1,FALSE,1,empty,empty,FALSE,1,1
FALSE,1,empty,1,empty,empty,1,empty,1,FALSE,empty,i,1,FALSE,1,1,FALSE,empty,1,1,empty,i,1,FALSE,1,empty,i,1,1,FALSE,1,empty,reqe,FALSE,1,1
FALSE,1,empty,1,reqe,empty,1,reqe,1,FALSE,empty,i,1,FALSE,1,1,FALSE,empty,1,1,empty,i,1,FALSE,2,empty,i,1,1,FALSE,1,empty,empty,FALSE,1,1
FALSE,1,empty,1,empty,empty,1,empty,1,FALSE,empty,i,1,FALSE,1,1,FALSE,empty,1,1,empty,i,1,FALSE,2,empty,i,1,1,FALSE,1,empty,reqe,FALSE,1,1
FALSE,1,empty,1,empty,empty,1,empty,1,FALSE,empty,i,1,FALSE,1,1,FALSE,empty,1,1,empty,i,1,FALSE,3,empty,i,1,1,FALSE,1,empty,reqe,FALSE,1,1
FALSE,1,empty,1,reqs,reqs,1,reqs,1,FALSE,empty,i,1,FALSE,1,1,FALSE,empty,1,1,empty,i,1,FALSE,1,empty,i,1,1,FALSE,1,empty,empty,FALSE,1,1
FALSE,1,empty,1,reqs,reqs,1,reqe,1,FALSE,empty,i,1,FALSE,1,1,FALSE,empty,1,1,empty,i,1,FALSE,3,empty,i,1,1,FALSE,1,empty,empty,FALSE,1,1
FALSE,1,empty,1,reqs,empty,1,empty,1,FALSE,empty,i,1,FALSE,1,1,FALSE,empty,1,1,empty,i,1,FALSE,1,empty,i,1,1,FALSE,1,empty,reqs,FALSE,1,1
FALSE,1,empty,1,empty,reqs,1,empty,1,FALSE,empty,i,1,FALSE,1,1,FALSE,empty,1,1,empty,i,1,FALSE,2,empty,i,1,1,FALSE,1,empty,reqs,FALSE,1,1
FALSE,1,empty,1,reqe,reqs,1,reqs,1,FALSE,empty,i,1,FALSE,1,1,FALSE,empty,1,1,empty,i,1,FALSE,1,empty,i,1,1,FALSE,1,empty,empty,FALSE,1,1
FALSE,1,empty,1,empty,empty,1,reqs,1,FALSE,empty,i,1,FALSE,1,1,FALSE,empty,1,1,empty,i,1,FALSE,1,empty,i,1,1,FALSE,1,empty,reqs,FALSE,1,1
FALSE,1,empty,1,empty,reqs,1,empty,1,FALSE,empty,i,1,FALSE,1,1,FALSE,empty,1,1,empty,i,1,FALSE,3,empty,i,1,1,FALSE,1,empty,reqs,FALSE,1,1
FALSE,1,empty,1,reqe,reqs,1,reqe,1,FALSE,empty,i,1,FALSE,1,1,FALSE,empty,1,1,empty,i,1,FALSE,3,empty,i,1,1,FALSE,1,empty,empty,FALSE,1,1
FALSE,1,empty,1,reqe,empty,1,empty,1,FALSE,empty,i,1,FALSE,1,1,FALSE,empty,1,1,empty,i,1,FALSE,1,empty,i,1,1,FALSE,1,empty,reqs,FALSE,1,1
FALSE,1,empty,1,empty,reqs,1,empty,1,FALSE,empty,i,1,FALSE,1,1,FALSE,empty,1,1,empty,i,1,FALSE,2,empty,i,1,1,FALSE,1,empty,reqe,FALSE,1,1
FALSE,1,empty,1,empty,empty,1,reqe,1,FALSE,empty,i,1,FALSE,1,1,FALSE,empty,1,1,empty,i,1,FALSE,1,empty,i,1,1,FALSE,1,empty,reqs,FALSE,1,1
FALSE,1,empty,1,empty,reqs,1,empty,1,FALSE,empty,i,1,FALSE,1,1,FALSE,empty,1,1,empty,i,1,FALSE,3,empty,i,1,1,FALSE,1,empty,reqe,FALSE,1,1
FALSE,1,empty,1,empty,reqs,1,empty,1,FALSE,empty,i,1,FALSE,1,1,FALSE,empty,1,1,empty,i,1,FALSE,1,empty,i,1,1,FALSE,1,empty,reqs,FALSE,1,1
FALSE,1,empty,1,empty,reqe,1,empty,1,FALSE,empty,i,1,FALSE,1,1,FALSE,empty,1,1,empty,i,1,FALSE,1,empty,i,1,1,FALSE,1,empty,reqs,FALSE,1,1
FALSE,1,empty,1,empty,empty,1,empty,1,FALSE,gnts,i,1,FALSE,1,1,TRUE,empty,1,1,empty,i,1,FALSE,1,empty,i,1,1,FALSE,1,empty,empty,FALSE,1,1
FALSE,1,empty,1,reqs,reqe,1,reqs,1,FALSE,empty,i,1,FALSE,1,1,FALSE,empty,1,1,empty,i,1,FALSE,2,empty,i,1,1,FALSE,1,empty,empty,FALSE,1,1
FALSE,1,empty,1,empty,empty,1,reqs,1,FALSE,empty,i,1,FALSE,1,1,FALSE,empty,1,1,empty,i,1,FALSE,2,empty,i,1,1,FALSE,1,empty,reqs,FALSE,1,1
FALSE,1,empty,1,reqs,empty,1,empty,1,FALSE,empty,i,1,FALSE,1,1,FALSE,empty,1,1,empty,i,1,FALSE,3,empty,i,1,1,FALSE,1,empty,reqs,FALSE,1,1
FALSE,1,empty,1,reqs,reqe,1,reqe,1,FALSE,empty,i,1,FALSE,1,1,FALSE,empty,1,1,empty,i,1,FALSE,3,empty,i,1,1,FALSE,1,empty,empty,FALSE,1,1
FALSE,1,empty,1,reqs,empty,1,empty,1,FALSE,empty,i,1,FALSE,1,1,FALSE,empty,1,1,empty,i,1,FALSE,1,empty,i,1,1,FALSE,1,empty,reqe,FALSE,1,1
FALSE,1,empty,1,empty,reqe,1,empty,1,FALSE,empty,i,1,FALSE,1,1,FALSE,empty,1,1,empty,i,1,FALSE,2,empty,i,1,1,FALSE,1,empty,reqs,FALSE,1,1
FALSE,1,empty,1,empty,empty,1,reqe,1,FALSE,empty,i,1,FALSE,1,1,FALSE,empty,1,1,empty,i,1,FALSE,2,empty,i,1,1,FALSE,1,empty,reqs,FALSE,1,1
FALSE,1,empty,1,reqs,empty,1,empty,1,FALSE,empty,i,1,FALSE,1,1,FALSE,empty,1,1,empty,i,1,FALSE,3,empty,i,1,1,FALSE,1,empty,reqe,FALSE,1,1
FALSE,1,empty,1,reqs,empty,1,empty,1,FALSE,empty,i,1,FALSE,1,1,FALSE,empty,1,1,empty,i,1,FALSE,2,empty,i,1,1,FALSE,1,empty,reqs,FALSE,1,1
FALSE,1,empty,1,reqe,empty,1,empty,1,FALSE,empty,i,1,FALSE,1,1,FALSE,empty,1,1,empty,i,1,FALSE,2,empty,i,1,1,FALSE,1,empty,reqs,FALSE,1,1
TRUE,1,empty,1,empty,empty,1,empty,1,FALSE,empty,i,1,FALSE,1,1,FALSE,empty,1,1,empty,i,1,FALSE,2,empty,i,1,1,FALSE,1,gnts,empty,FALSE,1,1
FALSE,1,empty,1,reqe,reqe,1,reqs,1,FALSE,empty,i,1,FALSE,1,1,FALSE,empty,1,1,empty,i,1,FALSE,3,empty,i,1,1,FALSE,1,empty,empty,FALSE,1,1
FALSE,1,empty,1,empty,empty,1,reqs,1,FALSE,empty,i,1,FALSE,1,1,FALSE,empty,1,1,empty,i,1,FALSE,1,empty,i,1,1,FALSE,1,empty,reqe,FALSE,1,1
FALSE,1,empty,1,empty,reqe,1,empty,1,FALSE,empty,i,1,FALSE,1,1,FALSE,empty,1,1,empty,i,1,FALSE,3,empty,i,1,1,FALSE,1,empty,reqs,FALSE,1,1
FALSE,1,empty,1,empty,empty,1,reqs,1,FALSE,empty,i,1,FALSE,1,1,FALSE,empty,1,1,empty,i,1,FALSE,2,empty,i,1,1,FALSE,1,empty,reqe,FALSE,1,1
FALSE,1,empty,1,reqe,empty,1,empty,1,FALSE,empty,i,1,FALSE,1,1,FALSE,empty,1,1,empty,i,1,FALSE,3,empty,i,1,1,FALSE,1,empty,reqs,FALSE,1,1
FALSE,1,empty,1,empty,empty,1,reqs,1,FALSE,empty,i,1,FALSE,1,1,FALSE,empty,1,1,empty,i,1,FALSE,3,empty,i,1,1,FALSE,1,empty,reqs,FALSE,1,1
FALSE,1,empty,1,empty,empty,1,reqe,1,FALSE,empty,i,1,FALSE,1,1,FALSE,empty,1,1,empty,i,1,FALSE,3,empty,i,1,1,FALSE,1,empty,reqs,FALSE,1,1
FALSE,1,empty,1,empty,empty,1,empty,1,FALSE,empty,i,1,TRUE,1,1,FALSE,empty,1,1,empty,i,1,FALSE,3,gnts,i,1,1,FALSE,1,empty,empty,FALSE,1,1
FALSE,1,empty,1,reqe,reqe,1,reqe,1,FALSE,empty,i,1,FALSE,1,1,FALSE,empty,1,1,empty,i,1,FALSE,1,empty,i,1,1,FALSE,1,empty,empty,FALSE,1,1
FALSE,1,empty,1,reqe,empty,1,empty,1,FALSE,empty,i,1,FALSE,1,1,FALSE,empty,1,1,empty,i,1,FALSE,1,empty,i,1,1,FALSE,1,empty,reqe,FALSE,1,1
FALSE,1,empty,1,empty,reqe,1,empty,1,FALSE,empty,i,1,FALSE,1,1,FALSE,empty,1,1,empty,i,1,FALSE,2,empty,i,1,1,FALSE,1,empty,reqe,FALSE,1,1
FALSE,1,empty,1,empty,empty,1,reqe,1,FALSE,empty,i,1,FALSE,1,1,FALSE,empty,1,1,empty,i,1,FALSE,1,empty,i,1,1,FALSE,1,empty,reqe,FALSE,1,1
FALSE,1,empty,1,empty,reqe,1,empty,1,FALSE,empty,i,1,FALSE,1,1,FALSE,empty,1,1,empty,i,1,FALSE,3,empty,i,1,1,FALSE,1,empty,reqe,FALSE,1,1
FALSE,1,empty,1,empty,reqs,1,empty,1,FALSE,empty,i,1,FALSE,1,1,FALSE,empty,1,1,empty,i,1,FALSE,1,empty,i,1,1,FALSE,1,empty,reqe,FALSE,1,1
FALSE,1,empty,1,empty,reqe,1,empty,1,FALSE,empty,i,1,FALSE,1,1,FALSE,empty,1,1,empty,i,1,FALSE,1,empty,i,1,1,FALSE,1,empty,reqe,FALSE,1,1
FALSE,1,empty,1,empty,empty,1,empty,1,FALSE,gnte,i,1,FALSE,1,1,TRUE,empty,1,1,empty,i,1,FALSE,1,empty,i,1,1,TRUE,1,empty,empty,FALSE,1,1
FALSE,1,empty,1,empty,empty,1,reqe,1,FALSE,empty,i,1,FALSE,1,1,FALSE,empty,1,1,empty,i,1,FALSE,2,empty,i,1,1,FALSE,1,empty,reqe,FALSE,1,1
FALSE,1,empty,1,reqe,empty,1,empty,1,FALSE,empty,i,1,FALSE,1,1,FALSE,empty,1,1,empty,i,1,FALSE,3,empty,i,1,1,FALSE,1,empty,reqe,FALSE,1,1
FALSE,1,empty,1,reqs,empty,1,empty,1,FALSE,empty,i,1,FALSE,1,1,FALSE,empty,1,1,empty,i,1,FALSE,2,empty,i,1,1,FALSE,1,empty,reqe,FALSE,1,1
FALSE,1,empty,1,reqe,empty,1,empty,1,FALSE,empty,i,1,FALSE,1,1,FALSE,empty,1,1,empty,i,1,FALSE,2,empty,i,1,1,FALSE,1,empty,reqe,FALSE,1,1
TRUE,1,empty,1,empty,empty,1,empty,1,FALSE,empty,i,1,FALSE,1,1,FALSE,empty,1,1,empty,i,1,FALSE,2,empty,i,1,1,TRUE,1,gnte,empty,FALSE,1,1
FALSE,1,empty,1,empty,empty,1,reqs,1,FALSE,empty,i,1,FALSE,1,1,FALSE,empty,1,1,empty,i,1,FALSE,3,empty,i,1,1,FALSE,1,empty,reqe,FALSE,1,1
FALSE,1,empty,1,empty,empty,1,reqe,1,FALSE,empty,i,1,FALSE,1,1,FALSE,empty,1,1,empty,i,1,FALSE,3,empty,i,1,1,FALSE,1,empty,reqe,FALSE,1,1
FALSE,1,empty,1,empty,empty,1,empty,1,FALSE,empty,i,1,TRUE,1,1,FALSE,empty,1,1,empty,i,1,FALSE,3,gnte,i,1,1,TRUE,1,empty,empty,FALSE,1,1
FALSE,1,empty,1,reqs,empty,1,reqs,1,FALSE,empty,i,1,FALSE,1,1,FALSE,empty,1,1,empty,i,1,FALSE,1,empty,i,1,1,FALSE,1,empty,reqs,FALSE,1,1
FALSE,1,empty,1,empty,reqs,1,reqs,1,FALSE,empty,i,1,FALSE,1,1,FALSE,empty,1,1,empty,i,1,FALSE,2,empty,i,1,1,FALSE,1,empty,reqs,FALSE,1,1
FALSE,1,empty,1,reqs,reqs,1,empty,1,FALSE,empty,i,1,FALSE,1,1,FALSE,empty,1,1,empty,i,1,FALSE,3,empty,i,1,1,FALSE,1,empty,reqs,FALSE,1,1
FALSE,1,empty,1,reqs,empty,1,reqe,1,FALSE,empty,i,1,FALSE,1,1,FALSE,empty,1,1,empty,i,1,FALSE,1,empty,i,1,1,FALSE,1,empty,reqs,FALSE,1,1
FALSE,1,empty,1,empty,reqs,1,reqe,1,FALSE,empty,i,1,FALSE,1,1,FALSE,empty,1,1,empty,i,1,FALSE,2,empty,i,1,1,FALSE,1,empty,reqs,FALSE,1,1
FALSE,1,empty,1,reqs,reqs,1,empty,1,FALSE,empty,i,1,FALSE,1,1,FALSE,empty,1,1,empty,i,1,FALSE,3,empty,i,1,1,FALSE,1,empty,reqe,FALSE,1,1
FALSE,1,empty,1,reqs,reqs,1,empty,1,FALSE,empty,i,1,FALSE,1,1,FALSE,empty,1,1,empty,i,1,FALSE,1,empty,i,1,1,FALSE,1,empty,reqs,FALSE,1,1
FALSE,1,empty,1,reqs,reqe,1,empty,1,FALSE,empty,i,1,FALSE,1,1,FALSE,empty,1,1,empty,i,1,FALSE,1,empty,i,1,1,FALSE,1,empty,reqs,FALSE,1,1
FALSE,1,empty,1,reqs,empty,1,empty,1,FALSE,gnts,i,1,FALSE,1,1,TRUE,empty,1,1,empty,i,1,FALSE,1,empty,i,1,1,FALSE,1,empty,empty,FALSE,1,1
FALSE,1,empty,1,reqs,reqs,1,empty,1,FALSE,empty,i,1,FALSE,1,1,FALSE,empty,1,1,empty,i,1,FALSE,2,empty,i,1,1,FALSE,1,empty,reqs,FALSE,1,1
FALSE,1,empty,1,reqe,reqs,1,empty,1,FALSE,empty,i,1,FALSE,1,1,FALSE,empty,1,1,empty,i,1,FALSE,2,empty,i,1,1,FALSE,1,empty,reqs,FALSE,1,1
TRUE,1,empty,1,empty,reqs,1,empty,1,FALSE,empty,i,1,FALSE,1,1,FALSE,empty,1,1,empty,i,1,FALSE,2,empty,i,1,1,FALSE,1,gnts,empty,FALSE,1,1
FALSE,1,empty,1,reqe,empty,1,reqs,1,FALSE,empty,i,1,FALSE,1,1,FALSE,empty,1,1,empty,i,1,FALSE,1,empty,i,1,1,FALSE,1,empty,reqs,FALSE,1,1
FALSE,1,empty,1,empty,reqs,1,reqs,1,FALSE,empty,i,1,FALSE,1,1,FALSE,empty,1,1,empty,i,1,FALSE,2,empty,i,1,1,FALSE,1,empty,reqe,FALSE,1,1
FALSE,1,empty,1,reqe,reqs,1,empty,1,FALSE,empty,i,1,FALSE,1,1,FALSE,empty,1,1,empty,i,1,FALSE,3,empty,i,1,1,FALSE,1,empty,reqs,FALSE,1,1
FALSE,1,empty,1,empty,reqs,1,reqs,1,FALSE,empty,i,1,FALSE,1,1,FALSE,empty,1,1,empty,i,1,FALSE,1,empty,i,1,1,FALSE,1,empty,reqs,FALSE,1,1
FALSE,1,empty,1,empty,reqe,1,reqs,1,FALSE,empty,i,1,FALSE,1,1,FALSE,empty,1,1,empty,i,1,FALSE,1,empty,i,1,1,FALSE,1,empty,reqs,FALSE,1,1
FALSE,1,empty,1,empty,empty,1,reqs,1,FALSE,gnts,i,1,FALSE,1,1,TRUE,empty,1,1,empty,i,1,FALSE,1,empty,i,1,1,FALSE,1,empty,empty,FALSE,1,1
FALSE,1,empty,1,empty,reqs,1,reqs,1,FALSE,empty,i,1,FALSE,1,1,FALSE,empty,1,1,empty,i,1,FALSE,3,empty,i,1,1,FALSE,1,empty,reqs,FALSE,1,1
FALSE,1,empty,1,empty,reqs,1,reqe,1,FALSE,empty,i,1,FALSE,1,1,FALSE,empty,1,1,empty,i,1,FALSE,3,empty,i,1,1,FALSE,1,empty,reqs,FALSE,1,1
FALSE,1,empty,1,empty,reqs,1,empty,1,FALSE,empty,i,1,TRUE,1,1,FALSE,empty,1,1,empty,i,1,FALSE,3,gnts,i,1,1,FALSE,1,empty,empty,FALSE,1,1
FALSE,1,empty,1,reqe,empty,1,reqe,1,FALSE,empty,i,1,FALSE,1,1,FALSE,empty,1,1,empty,i,1,FALSE,1,empty,i,1,1,FALSE,1,empty,reqs,FALSE,1,1
FALSE,1,empty,1,empty,reqs,1,reqe,1,FALSE,empty,i,1,FALSE,1,1,FALSE,empty,1,1,empty,i,1,FALSE,2,empty,i,1,1,FALSE,1,empty,reqe,FALSE,1,1
FALSE,1,empty,1,reqe,reqs,1,empty,1,FALSE,empty,i,1,FALSE,1,1,FALSE,empty,1,1,empty,i,1,FALSE,3,empty,i,1,1,FALSE,1,empty,reqe,FALSE,1,1
FALSE,1,empty,1,reqe,reqs,1,empty,1,FALSE,empty,i,1,FALSE,1,1,FALSE,empty,1,1,empty,i,1,FALSE,1,empty,i,1,1,FALSE,1,empty,reqs,FALSE,1,1
FALSE,1,empty,1,reqe,reqe,1,empty,1,FALSE,empty,i,1,FALSE,1,1,FALSE,empty,1,1,empty,i,1,FALSE,1,empty,i,1,1,FALSE,1,empty,reqs,FALSE,1,1
FALSE,1,empty,1,reqe,empty,1,empty,1,FALSE,gnts,i,1,FALSE,1,1,TRUE,empty,1,1,empty,i,1,FALSE,1,empty,i,1,1,FALSE,1,empty,empty,FALSE,1,1
FALSE,1,empty,1,reqs,reqs,1,empty,1,FALSE,empty,i,1,FALSE,1,1,FALSE,empty,1,1,empty,i,1,FALSE,2,empty,i,1,1,FALSE,1,empty,reqe,FALSE,1,1
FALSE,1,empty,1,reqe,reqs,1,empty,1,FALSE,empty,i,1,FALSE,1,1,FALSE,empty,1,1,empty,i,1,FALSE,2,empty,i,1,1,FALSE,1,empty,reqe,FALSE,1,1
TRUE,1,empty,1,empty,reqs,1,empty,1,FALSE,empty,i,1,FALSE,1,1,FALSE,empty,1,1,empty,i,1,FALSE,2,empty,i,1,1,TRUE,1,gnte,empty,FALSE,1,1
FALSE,1,empty,1,empty,reqs,1,reqe,1,FALSE,empty,i,1,FALSE,1,1,FALSE,empty,1,1,empty,i,1,FALSE,1,empty,i,1,1,FALSE,1,empty,reqs,FALSE,1,1
FALSE,1,empty,1,empty,reqe,1,reqe,1,FALSE,empty,i,1,FALSE,1,1,FALSE,empty,1,1,empty,i,1,FALSE,1,empty,i,1,1,FALSE,1,empty,reqs,FALSE,1,1
FALSE,1,empty,1,empty,empty,1,reqe,1,FALSE,gnts,i,1,FALSE,1,1,TRUE,empty,1,1,empty,i,1,FALSE,1,empty,i,1,1,FALSE,1,empty,empty,FALSE,1,1
FALSE,1,empty,1,empty,reqs,1,reqs,1,FALSE,empty,i,1,FALSE,1,1,FALSE,empty,1,1,empty,i,1,FALSE,3,empty,i,1,1,FALSE,1,empty,reqe,FALSE,1,1
FALSE,1,empty,1,empty,reqs,1,reqe,1,FALSE,empty,i,1,FALSE,1,1,FALSE,empty,1,1,empty,i,1,FALSE,3,empty,i,1,1,FALSE,1,empty,reqe,FALSE,1,1
FALSE,1,empty,1,empty,reqs,1,empty,1,FALSE,empty,i,1,TRUE,1,1,FALSE,empty,1,1,empty,i,1,FALSE,3,gnte,i,1,1,TRUE,1,empty,empty,FALSE,1,1
FALSE,1,empty,1,empty,reqs,1,empty,1,FALSE,gnts,i,1,FALSE,1,1,TRUE,empty,1,1,empty,i,1,FALSE,1,empty,i,1,1,FALSE,1,empty,empty,FALSE,1,1
FALSE,1,empty,1,empty,reqe,1,empty,1,FALSE,gnts,i,1,FALSE,1,1,TRUE,empty,1,1,empty,i,1,FALSE,1,empty,i,1,1,FALSE,1,empty,empty,FALSE,1,1
FALSE,1,empty,1,empty,empty,1,empty,1,FALSE,empty,i,1,FALSE,1,1,TRUE,empty,1,1,empty,i,1,FALSE,1,empty,s,1,1,FALSE,1,empty,empty,FALSE,1,1
FALSE,1,empty,1,reqs,empty,1,reqs,1,FALSE,empty,i,1,FALSE,1,1,FALSE,empty,1,1,empty,i,1,FALSE,1,empty,i,1,1,FALSE,1,empty,reqe,FALSE,1,1
FALSE,1,empty,1,empty,reqe,1,reqs,1,FALSE,empty,i,1,FALSE,1,1,FALSE,empty,1,1,empty,i,1,FALSE,2,empty,i,1,1,FALSE,1,empty,reqs,FALSE,1,1
FALSE,1,empty,1,reqs,reqe,1,empty,1,FALSE,empty,i,1,FALSE,1,1,FALSE,empty,1,1,empty,i,1,FALSE,3,empty,i,1,1,FALSE,1,empty,reqs,FALSE,1,1
FALSE,1,empty,1,reqs,empty,1,reqs,1,FALSE,empty,i,1,FALSE,1,1,FALSE,empty,1,1,empty,i,1,FALSE,2,empty,i,1,1,FALSE,1,empty,reqs,FALSE,1,1
FALSE,1,empty,1,reqe,empty,1,reqs,1,FALSE,empty,i,1,FALSE,1,1,FALSE,empty,1,1,empty,i,1,FALSE,2,empty,i,1,1,FALSE,1,empty,reqs,FALSE,1,1
TRUE,1,empty,1,empty,empty,1,reqs,1,FALSE,empty,i,1,FALSE,1,1,FALSE,empty,1,1,empty,i,1,FALSE,2,empty,i,1,1,FALSE,1,gnts,empty,FALSE,1,1
FALSE,1,empty,1,reqs,empty,1,reqs,1,FALSE,empty,i,1,FALSE,1,1,FALSE,empty,1,1,empty,i,1,FALSE,3,empty,i,1,1,FALSE,1,empty,reqs,FALSE,1,1
FALSE,1,empty,1,reqs,empty,1,reqe,1,FALSE,empty,i,1,FALSE,1,1,FALSE,empty,1,1,empty,i,1,FALSE,3,empty,i,1,1,FALSE,1,empty,reqs,FALSE,1,1
FALSE,1,empty,1,reqs,empty,1,empty,1,FALSE,empty,i,1,TRUE,1,1,FALSE,empty,1,1,empty,i,1,FALSE,3,gnts,i,1,1,FALSE,1,empty,empty,FALSE,1,1
FALSE,1,empty,1,reqs,empty,1,reqe,1,FALSE,empty,i,1,FALSE,1,1,FALSE,empty,1,1,empty,i,1,FALSE,1,empty,i,1,1,FALSE,1,empty,reqe,FALSE,1,1
FALSE,1,empty,1,empty,reqe,1,reqe,1,FALSE,empty,i,1,FALSE,1,1,FALSE,empty,1,1,empty,i,1,FALSE,2,empty,i,1,1,FALSE,1,empty,reqs,FALSE,1,1
FALSE,1,empty,1,reqs,reqe,1,empty,1,FALSE,empty,i,1,FALSE,1,1,FALSE,empty,1,1,empty,i,1,FALSE,3,empty,i,1,1,FALSE,1,empty,reqe,FALSE,1,1
FALSE,1,empty,1,reqs,reqs,1,empty,1,FALSE,empty,i,1,FALSE,1,1,FALSE,empty,1,1,empty,i,1,FALSE,1,empty,i,1,1,FALSE,1,empty,reqe,FALSE,1,1
FALSE,1,empty,1,reqs,reqe,1,empty,1,FALSE,empty,i,1,FALSE,1,1,FALSE,empty,1,1,empty,i,1,FALSE,1,empty,i,1,1,FALSE,1,empty,reqe,FALSE,1,1
FALSE,1,empty,1,reqs,empty,1,empty,1,FALSE,gnte,i,1,FALSE,1,1,TRUE,empty,1,1,empty,i,1,FALSE,1,empty,i,1,1,TRUE,1,empty,empty,FALSE,1,1
FALSE,1,empty,1,reqs,reqe,1,empty,1,FALSE,empty,i,1,FALSE,1,1,FALSE,empty,1,1,empty,i,1,FALSE,2,empty,i,1,1,FALSE,1,empty,reqs,FALSE,1,1
FALSE,1,empty,1,reqe,reqe,1,empty,1,FALSE,empty,i,1,FALSE,1,1,FALSE,empty,1,1,empty,i,1,FALSE,2,empty,i,1,1,FALSE,1,empty,reqs,FALSE,1,1
TRUE,1,empty,1,empty,reqe,1,empty,1,FALSE,empty,i,1,FALSE,1,1,FALSE,empty,1,1,empty,i,1,FALSE,2,empty,i,1,1,FALSE,1,gnts,empty,FALSE,1,1
FALSE,1,empty,1,reqs,empty,1,reqe,1,FALSE,empty,i,1,FALSE,1,1,FALSE,empty,1,1,empty,i,1,FALSE,2,empty,i,1,1,FALSE,1,empty,reqs,FALSE,1,1
FALSE,1,empty,1,reqe,empty,1,reqe,1,FALSE,empty,i,1,FALSE,1,1,FALSE,empty,1,1,empty,i,1,FALSE,2,empty,i,1,1,FALSE,1,empty,reqs,FALSE,1,1
TRUE,1,empty,1,empty,empty,1,reqe,1,FALSE,empty,i,1,FALSE,1,1,FALSE,empty,1,1,empty,i,1,FALSE,2,empty,i,1,1,FALSE,1,gnts,empty,FALSE,1,1
FALSE,1,empty,1,reqs,empty,1,reqs,1,FALSE,empty,i,1,FALSE,1,1,FALSE,empty,1,1,empty,i,1,FALSE,3,empty,i,1,1,FALSE,1,empty,reqe,FALSE,1,1
FALSE,1,empty,1,reqs,empty,1,reqe,1,FALSE,empty,i,1,FALSE,1,1,FALSE,empty,1,1,empty,i,1,FALSE,3,empty,i,1,1,FALSE,1,empty,reqe,FALSE,1,1
FALSE,1,empty,1,reqs,empty,1,empty,1,FALSE,empty,i,1,TRUE,1,1,FALSE,empty,1,1,empty,i,1,FALSE,3,gnte,i,1,1,TRUE,1,empty,empty,FALSE,1,1
TRUE,1,empty,1,reqs,empty,1,empty,1,FALSE,empty,i,1,FALSE,1,1,FALSE,empty,1,1,empty,i,1,FALSE,2,empty,i,1,1,FALSE,1,gnts,empty,FALSE,1,1
TRUE,1,empty,1,reqe,empty,1,empty,1,FALSE,empty,i,1,FALSE,1,1,FALSE,empty,1,1,empty,i,1,FALSE,2,empty,i,1,1,FALSE,1,gnts,empty,FALSE,1,1
TRUE,1,empty,1,empty,empty,1,empty,1,FALSE,empty,i,1,FALSE,1,1,FALSE,empty,1,1,empty,s,1,FALSE,2,empty,i,1,1,FALSE,1,empty,empty,FALSE,1,1
FALSE,1,empty,1,reqe,empty,1,reqs,1,FALSE,empty,i,1,FALSE,1,1,FALSE,empty,1,1,empty,i,1,FALSE,1,empty,i,1,1,FALSE,1,empty,reqe,FALSE,1,1
FALSE,1,empty,1,empty,reqe,1,reqs,1,FALSE,empty,i,1,FALSE,1,1,FALSE,empty,1,1,empty,i,1,FALSE,2,empty,i,1,1,FALSE,1,empty,reqe,FALSE,1,1
FALSE,1,empty,1,reqe,reqe,1,empty,1,FALSE,empty,i,1,FALSE,1,1,FALSE,empty,1,1,empty,i,1,FALSE,3,empty,i,1,1,FALSE,1,empty,reqs,FALSE,1,1
FALSE,1,empty,1,empty,reqs,1,reqs,1,FALSE,empty,i,1,FALSE,1,1,FALSE,empty,1,1,empty,i,1,FALSE,1,empty,i,1,1,FALSE,1,empty,reqe,FALSE,1,1
FALSE,1,empty,1,empty,reqe,1,reqs,1,FALSE,empty,i,1,FALSE,1,1,FALSE,empty,1,1,empty,i,1,FALSE,1,empty,i,1,1,FALSE,1,empty,reqe,FALSE,1,1
FALSE,1,empty,1,empty,empty,1,reqs,1,FALSE,gnte,i,1,FALSE,1,1,TRUE,empty,1,1,empty,i,1,FALSE,1,empty,i,1,1,TRUE,1,empty,empty,FALSE,1,1
FALSE,1,empty,1,empty,reqe,1,reqs,1,FALSE,empty,i,1,FALSE,1,1,FALSE,empty,1,1,empty,i,1,FALSE,3,empty,i,1,1,FALSE,1,empty,reqs,FALSE,1,1
FALSE,1,empty,1,empty,reqe,1,reqe,1,FALSE,empty,i,1,FALSE,1,1,FALSE,empty,1,1,empty,i,1,FALSE,3,empty,i,1,1,FALSE,1,empty,reqs,FALSE,1,1
FALSE,1,empty,1,empty,reqe,1,empty,1,FALSE,empty,i,1,TRUE,1,1,FALSE,empty,1,1,empty,i,1,FALSE,3,gnts,i,1,1,FALSE,1,empty,empty,FALSE,1,1
FALSE,1,empty,1,reqs,empty,1,reqs,1,FALSE,empty,i,1,FALSE,1,1,FALSE,empty,1,1,empty,i,1,FALSE,2,empty,i,1,1,FALSE,1,empty,reqe,FALSE,1,1
FALSE,1,empty,1,reqe,empty,1,reqs,1,FALSE,empty,i,1,FALSE,1,1,FALSE,empty,1,1,empty,i,1,FALSE,2,empty,i,1,1,FALSE,1,empty,reqe,FALSE,1,1
TRUE,1,empty,1,empty,empty,1,reqs,1,FALSE,empty,i,1,FALSE,1,1,FALSE,empty,1,1,empty,i,1,FALSE,2,empty,i,1,1,TRUE,1,gnte,empty,FALSE,1,1
FALSE,1,empty,1,reqe,empty,1,reqs,1,FALSE,empty,i,1,FALSE,1,1,FALSE,empty,1,1,empty,i,1,FALSE,3,empty,i,1,1,FALSE,1,empty,reqs,FALSE,1,1
FALSE,1,empty,1,reqe,empty,1,reqe,1,FALSE,empty,i,1,FALSE,1,1,FALSE,empty,1,1,empty,i,1,FALSE,3,empty,i,1,1,FALSE,1,empty,reqs,FALSE,1,1
FALSE,1,empty,1,reqe,empty,1,empty,1,FALSE,empty,i,1,TRUE,1,1,FALSE,empty,1,1,empty,i,1,FALSE,3,gnts,i,1,1,FALSE,1,empty,empty,FALSE,1,1
FALSE,1,empty,1,empty,empty,1,reqs,1,FALSE,empty,i,1,TRUE,1,1,FALSE,empty,1,1,empty,i,1,FALSE,3,gnts,i,1,1,FALSE,1,empty,empty,FALSE,1,1
FALSE,1,empty,1,empty,empty,1,reqe,1,FALSE,empty,i,1,TRUE,1,1,FALSE,empty,1,1,empty,i,1,FALSE,3,gnts,i,1,1,FALSE,1,empty,empty,FALSE,1,1
FALSE,1,empty,1,empty,empty,1,empty,1,FALSE,empty,s,1,TRUE,1,1,FALSE,empty,1,1,empty,i,1,FALSE,3,empty,i,1,1,FALSE,1,empty,empty,FALSE,1,1
FALSE,1,empty,1,reqe,empty,1,reqe,1,FALSE,empty,i,1,FALSE,1,1,FALSE,empty,1,1,empty,i,1,FALSE,1,empty,i,1,1,FALSE,1,empty,reqe,FALSE,1,1
FALSE,1,empty,1,empty,reqe,1,reqe,1,FALSE,empty,i,1,FALSE,1,1,FALSE,empty,1,1,empty,i,1,FALSE,2,empty,i,1,1,FALSE,1,empty,reqe,FALSE,1,1
FALSE,1,empty,1,reqe,reqe,1,empty,1,FALSE,empty,i,1,FALSE,1,1,FALSE,empty,1,1,empty,i,1,FALSE,3,empty,i,1,1,FALSE,1,empty,reqe,FALSE,1,1
FALSE,1,empty,1,reqe,reqs,1,empty,1,FALSE,empty,i,1,FALSE,1,1,FALSE,empty,1,1,empty,i,1,FALSE,1,empty,i,1,1,FALSE,1,empty,reqe,FALSE,1,1
FALSE,1,empty,1,reqe,reqe,1,empty,1,FALSE,empty,i,1,FALSE,1,1,FALSE,empty,1,1,empty,i,1,FALSE,1,empty,i,1,1,FALSE,1,empty,reqe,FALSE,1,1
FALSE,1,empty,1,reqe,empty,1,empty,1,FALSE,gnte,i,1,FALSE,1,1,TRUE,empty,1,1,empty,i,1,FALSE,1,empty,i,1,1,TRUE,1,empty,empty,FALSE,1,1
FALSE,1,empty,1,reqs,reqe,1,empty,1,FALSE,empty,i,1,FALSE,1,1,FALSE,empty,1,1,empty,i,1,FALSE,2,empty,i,1,1,FALSE,1,empty,reqe,FALSE,1,1
FALSE,1,empty,1,reqe,reqe,1,empty,1,FALSE,empty,i,1,FALSE,1,1,FALSE,empty,1,1,empty,i,1,FALSE,2,empty,i,1,1,FALSE,1,empty,reqe,FALSE,1,1
TRUE,1,empty,1,empty,reqe,1,empty,1,FALSE,empty,i,1,FALSE,1,1,FALSE,empty,1,1,empty,i,1,FALSE,2,empty,i,1,1,TRUE,1,gnte,empty,FALSE,1,1
FALSE,1,empty,1,empty,reqs,1,reqe,1,FALSE,empty,i,1,FALSE,1,1,FALSE,empty,1,1,empty,i,1,FALSE,1,empty,i,1,1,FALSE,1,empty,reqe,FALSE,1,1
FALSE,1,empty,1,empty,reqe,1,reqe,1,FALSE,empty,i,1,FALSE,1,1,FALSE,empty,1,1,empty,i,1,FALSE,1,empty,i,1,1,FALSE,1,empty,reqe,FALSE,1,1
FALSE,1,empty,1,empty,empty,1,reqe,1,FALSE,gnte,i,1,FALSE,1,1,TRUE,empty,1,1,empty,i,1,FALSE,1,empty,i,1,1,TRUE,1,empty,empty,FALSE,1,1
FALSE,1,empty,1,empty,reqe,1,reqs,1,FALSE,empty,i,1,FALSE,1,1,FALSE,empty,1,1,empty,i,1,FALSE,3,empty,i,1,1,FALSE,1,empty,reqe,FALSE,1,1
FALSE,1,empty,1,empty,reqe,1,reqe,1,FALSE,empty,i,1,FALSE,1,1,FALSE,empty,1,1,empty,i,1,FALSE,3,empty,i,1,1,FALSE,1,empty,reqe,FALSE,1,1
FALSE,1,empty,1,empty,reqe,1,empty,1,FALSE,empty,i,1,TRUE,1,1,FALSE,empty,1,1,empty,i,1,FALSE,3,gnte,i,1,1,TRUE,1,empty,empty,FALSE,1,1
FALSE,1,empty,1,empty,reqs,1,empty,1,FALSE,gnte,i,1,FALSE,1,1,TRUE,empty,1,1,empty,i,1,FALSE,1,empty,i,1,1,TRUE,1,empty,empty,FALSE,1,1
FALSE,1,empty,1,empty,reqe,1,empty,1,FALSE,gnte,i,1,FALSE,1,1,TRUE,empty,1,1,empty,i,1,FALSE,1,empty,i,1,1,TRUE,1,empty,empty,FALSE,1,1
FALSE,1,empty,1,empty,empty,1,empty,1,FALSE,empty,i,1,FALSE,1,1,TRUE,empty,1,1,empty,i,1,FALSE,1,empty,e,1,1,TRUE,1,empty,empty,FALSE,1,1
FALSE,1,empty,1,reqs,empty,1,reqe,1,FALSE,empty,i,1,FALSE,1,1,FALSE,empty,1,1,empty,i,1,FALSE,2,empty,i,1,1,FALSE,1,empty,reqe,FALSE,1,1
FALSE,1,empty,1,reqe,empty,1,reqe,1,FALSE,empty,i,1,FALSE,1,1,FALSE,empty,1,1,empty,i,1,FALSE,2,empty,i,1,1,FALSE,1,empty,reqe,FALSE,1,1
TRUE,1,empty,1,empty,empty,1,reqe,1,FALSE,empty,i,1,FALSE,1,1,FALSE,empty,1,1,empty,i,1,FALSE,2,empty,i,1,1,TRUE,1,gnte,empty,FALSE,1,1
FALSE,1,empty,1,reqe,empty,1,reqs,1,FALSE,empty,i,1,FALSE,1,1,FALSE,empty,1,1,empty,i,1,FALSE,3,empty,i,1,1,FALSE,1,empty,reqe,FALSE,1,1
FALSE,1,empty,1,reqe,empty,1,reqe,1,FALSE,empty,i,1,FALSE,1,1,FALSE,empty,1,1,empty,i,1,FALSE,3,empty,i,1,1,FALSE,1,empty,reqe,FALSE,1,1
FALSE,1,empty,1,reqe,empty,1,empty,1,FALSE,empty,i,1,TRUE,1,1,FALSE,empty,1,1,empty,i,1,FALSE,3,gnte,i,1,1,TRUE,1,empty,empty,FALSE,1,1
TRUE,1,empty,1,reqs,empty,1,empty,1,FALSE,empty,i,1,FALSE,1,1,FALSE,empty,1,1,empty,i,1,FALSE,2,empty,i,1,1,TRUE,1,gnte,empty,FALSE,1,1
TRUE,1,empty,1,reqe,empty,1,empty,1,FALSE,empty,i,1,FALSE,1,1,FALSE,empty,1,1,empty,i,1,FALSE,2,empty,i,1,1,TRUE,1,gnte,empty,FALSE,1,1
TRUE,1,empty,1,empty,empty,1,empty,1,FALSE,empty,i,1,FALSE,1,1,FALSE,empty,1,1,empty,e,1,FALSE,2,empty,i,1,1,TRUE,1,empty,empty,FALSE,1,1
FALSE,1,empty,1,empty,empty,1,reqs,1,FALSE,empty,i,1,TRUE,1,1,FALSE,empty,1,1,empty,i,1,FALSE,3,gnte,i,1,1,TRUE,1,empty,empty,FALSE,1,1
FALSE,1,empty,1,empty,empty,1,reqe,1,FALSE,empty,i,1,TRUE,1,1,FALSE,empty,1,1,empty,i,1,FALSE,3,gnte,i,1,1,TRUE,1,empty,empty,FALSE,1,1
FALSE,1,empty,1,empty,empty,1,empty,1,FALSE,empty,e,1,TRUE,1,1,FALSE,empty,1,1,empty,i,1,FALSE,3,empty,i,1,1,TRUE,1,empty,empty,FALSE,1,1
FALSE,1,empty,1,reqs,reqs,1,reqs,1,FALSE,empty,i,1,FALSE,1,1,FALSE,empty,1,1,empty,i,1,FALSE,1,empty,i,1,1,FALSE,1,empty,reqs,FALSE,1,1
FALSE,1,empty,1,reqs,reqe,1,reqs,1,FALSE,empty,i,1,FALSE,1,1,FALSE,empty,1,1,empty,i,1,FALSE,1,empty,i,1,1,FALSE,1,empty,reqs,FALSE,1,1
FALSE,1,empty,1,reqs,empty,1,reqs,1,FALSE,gnts,i,1,FALSE,1,1,TRUE,empty,1,1,empty,i,1,FALSE,1,empty,i,1,1,FALSE,1,empty,empty,FALSE,1,1
FALSE,1,empty,1,reqs,reqs,1,reqs,1,FALSE,empty,i,1,FALSE,1,1,FALSE,empty,1,1,empty,i,1,FALSE,2,empty,i,1,1,FALSE,1,empty,reqs,FALSE,1,1
FALSE,1,empty,1,reqe,reqs,1,reqs,1,FALSE,empty,i,1,FALSE,1,1,FALSE,empty,1,1,empty,i,1,FALSE,2,empty,i,1,1,FALSE,1,empty,reqs,FALSE,1,1
TRUE,1,empty,1,empty,reqs,1,reqs,1,FALSE,empty,i,1,FALSE,1,1,FALSE,empty,1,1,empty,i,1,FALSE,2,empty,i,1,1,FALSE,1,gnts,empty,FALSE,1,1
FALSE,1,empty,1,reqs,reqs,1,reqs,1,FALSE,empty,i,1,FALSE,1,1,FALSE,empty,1,1,empty,i,1,FALSE,3,empty,i,1,1,FALSE,1,empty,reqs,FALSE,1,1
FALSE,1,empty,1,reqs,reqs,1,reqe,1,FALSE,empty,i,1,FALSE,1,1,FALSE,empty,1,1,empty,i,1,FALSE,3,empty,i,1,1,FALSE,1,empty,reqs,FALSE,1,1
FALSE,1,empty,1,reqs,reqs,1,empty,1,FALSE,empty,i,1,TRUE,1,1,FALSE,empty,1,1,empty,i,1,FALSE,3,gnts,i,1,1,FALSE,1,empty,empty,FALSE,1,1
FALSE,1,empty,1,reqs,reqs,1,reqe,1,FALSE,empty,i,1,FALSE,1,1,FALSE,empty,1,1,empty,i,1,FALSE,1,empty,i,1,1,FALSE,1,empty,reqs,FALSE,1,1
FALSE,1,empty,1,reqs,reqe,1,reqe,1,FALSE,empty,i,1,FALSE,1,1,FALSE,empty,1,1,empty,i,1,FALSE,1,empty,i,1,1,FALSE,1,empty,reqs,FALSE,1,1
FALSE,1,empty,1,reqs,empty,1,reqe,1,FALSE,gnts,i,1,FALSE,1,1,TRUE,empty,1,1,empty,i,1,FALSE,1,empty,i,1,1,FALSE,1,empty,empty,FALSE,1,1
